scenario,timestamp_mins,user_id,is_abusive,content_risk,message_velocity,burst_score,account_age_days,activity_ratio,reply_density,escalation_factor,is_live,creator_subscribers,is_sensitive_topic
targeted_abuse,0.13721056463365744,attacker_0,1,0.2413532477426578,8.775607049686453,0.6201808725401985,1.0747192428267058,14.057399885761102,0.6717929238187271,0.30914737097557715,True,500000,True
targeted_abuse,0.1406731484081858,attacker_25,1,0.22710641271607201,8.909087642021435,0.5174161995507675,1.0956413621481507,9.239876687704694,0.7516488854899276,0.30937820989387904,True,500000,True
targeted_abuse,0.26381451378672705,attacker_12,1,0.13003855973244077,11.006516578054836,0.5062739591799397,37.24281315093397,12.50886841552581,0.7156694024679543,0.31758763425244846,True,500000,True
targeted_abuse,0.3366079426299673,attacker_22,1,0.11321759957638848,22.962209974063455,0.7484061328500812,26.10328491009482,13.994895004224887,0.8585971910042008,0.3224405295086645,True,500000,True
targeted_abuse,0.4519901230446166,user_56,0,0.2401017665468616,0.8986659755513488,0.1702230985072029,304.7380231783162,0.7681427527765641,0.19528835535426792,0.0,True,500000,True
targeted_abuse,0.45978832459023566,attacker_11,1,0.2669664014404261,5.120735689948361,0.4879672194334814,15.426901993834141,18.650127049831646,0.5595230583405209,0.33065255497268237,True,500000,True
targeted_abuse,0.5560917917833663,attacker_7,1,0.2740985866314011,25.265133431504392,0.749204540525987,64.00073032662864,9.093077316851735,0.8078260814210612,0.3370727861188911,True,500000,True
targeted_abuse,0.6426940765211914,attacker_14,1,0.3599091138000407,32.986485716911524,0.7606074544570217,33.12813973537307,23.05509572968871,0.71466381071143,0.3428462717680794,True,500000,True
targeted_abuse,0.726222118335158,user_21,0,0.1019827316419813,0.5026385908605624,0.16060432115046336,519.0572431682867,4.815671157783879,0.08000203256638466,0.0,True,500000,True
targeted_abuse,0.7479874767132899,attacker_5,1,0.3390205856946896,12.944857065148359,0.6800958150210342,1.6739483343287738,51.19983500468919,0.6870063663357017,0.349865831780886,True,500000,True
targeted_abuse,0.7848511166149313,attacker_19,1,0.35996940306042163,11.19340733610701,0.6448985202369361,4.784095690122065,21.08676438303347,0.8575725727928213,0.35232340777432875,True,500000,True
targeted_abuse,0.8811770438674277,attacker_29,1,0.2738717206625094,34.4120058061675,0.6286483566420569,1.8292627381480955,19.4494631899091,0.5572016435910198,0.3587451362578285,True,500000,True
targeted_abuse,0.9104105644023636,attacker_1,1,0.3648291284416475,19.696069133806123,0.6060996344924261,30.624872795010777,9.053264909958436,0.8153141390010957,0.3606940376268242,True,500000,True
targeted_abuse,0.9186066919946578,attacker_0,1,0.38708043162776706,16.942445186628238,0.5459850853875562,3.3594523636432485,9.181586026425496,0.6282848677156971,0.3612404461329772,True,500000,True
targeted_abuse,0.9970577527988633,attacker_20,1,0.2582593485611985,8.879578143473488,0.6567129849302149,29.55970612587697,6.838417118199944,0.7973177140574808,0.36647051685325754,True,500000,True
targeted_abuse,1.060779769688331,user_5,0,0.20961163054680035,0.13997711330232473,0.3253593566620852,146.77908758265977,1.9723801778069854,0.08556204875370765,0.0,True,500000,True
targeted_abuse,1.0900955794177754,attacker_21,1,0.2917220784135225,33.69430663843168,0.5325001442855218,7.014565213406962,15.671147294171321,0.6102905634878433,0.37267303862785167,True,500000,True
targeted_abuse,1.114153899088432,attacker_19,1,0.24932464377711977,21.611038528283636,0.5270607585061607,11.140949348577918,40.232588116249154,0.6959218456798898,0.37427692660589545,True,500000,True
targeted_abuse,1.1526548881473127,attacker_16,1,0.34800450378817166,12.489522908055239,0.6511432229858175,1.7772858730568917,20.841055447854274,0.714529262684302,0.3768436592098208,True,500000,True
targeted_abuse,1.1918942113458137,attacker_15,1,0.31334990949016606,6.575990486872688,0.3633471806351506,37.17595197175602,10.544309956117518,0.8303855890484434,0.3794596140897209,True,500000,True
targeted_abuse,1.2028855056205934,attacker_24,1,0.10677496535229357,5.7360474606175895,0.31360308331237974,15.82702977997887,14.06551526708888,0.8151075373243796,0.3801923670413729,True,500000,True
targeted_abuse,1.2551891343459298,attacker_22,1,0.2987910115711041,20.42718761205129,0.5438763421793867,1.6434783599425882,7.006948352573641,0.7731648487474404,0.383679275623062,True,500000,True
targeted_abuse,1.3173748428935994,attacker_27,1,0.2082037943973276,5.4975301351408215,0.7085919874422774,22.374165224870104,54.9121976057025,0.9257478879718622,0.38782498952623995,True,500000,True
targeted_abuse,1.401301463019673,attacker_24,1,0.2845138286834996,8.546459527509022,0.6801523660526985,76.74294364758907,22.834419570648528,0.8157315502698225,0.39342009753464485,True,500000,True
targeted_abuse,1.4386392576439095,attacker_19,1,0.18832586900837667,11.0032838120464,0.6229633992873533,67.40430592455962,12.24294126668413,0.6931877747000712,0.3959092838429273,True,500000,True
targeted_abuse,1.5369359600691823,attacker_0,1,0.3690133537319014,16.25610573925249,0.6472256793705373,44.08361414642568,17.42495222237008,0.7757482906584887,0.4024623973379455,True,500000,True
targeted_abuse,1.6078635257475404,attacker_21,1,0.13305471401853447,7.761588010517638,0.5887430693474951,1.015414921491595,20.401202268059595,0.7552722044887761,0.4071909017165027,True,500000,True
targeted_abuse,1.6263044970759677,user_68,0,0.1705840638675619,0.7997457203691236,0.2138861065276465,121.01478378956435,1.365419426568645,0.43803866795723895,0.0,True,500000,True
targeted_abuse,1.7286343025635031,attacker_10,1,0.25598532133165935,23.489849662165803,0.5268169129860092,13.598643884513798,9.686803965274546,0.5915836114672741,0.41524228683756687,True,500000,True
targeted_abuse,1.8113757075127328,user_23,0,0.1713169600240784,3.753084012670559,0.1986283706431512,131.37394667554474,0.2355901156794691,0.3513192890119467,0.0,True,500000,True
targeted_abuse,1.8547630645531683,attacker_4,1,0.2847041373879371,11.66494957904684,0.5994526571007663,24.703499371667796,53.94138776681394,0.6248990770929952,0.4236508709702112,True,500000,True
targeted_abuse,1.8695071785468294,user_61,0,0.018971044737064045,0.7062414318303011,0.008360824756823402,536.9659458635019,0.8078566150211509,0.18457014788659218,0.0,True,500000,True
targeted_abuse,1.8764161981624705,attacker_21,1,0.2925056127866158,25.92173215846937,0.5589494180843719,7.119400248843188,9.227143153216723,0.704335615882863,0.42509441321083136,True,500000,True
targeted_abuse,1.9050649737255532,attacker_2,1,0.3676218258141228,17.101239492023662,0.6388900694527442,5.795438877943947,35.57888515173704,0.6254301873819615,0.42700433158170353,True,500000,True
targeted_abuse,2.0033729320679763,attacker_22,1,0.27549895272990843,6.210399071848595,0.5200406495369904,2.258361044215766,6.860849417513834,0.8849863806460823,0.43355819547119845,True,500000,True
targeted_abuse,2.019284648101525,attacker_17,1,0.2676906349297977,15.852875304397791,0.4565581361346922,11.635276032670046,14.545203371905952,0.6615448048733481,0.4346189765401017,True,500000,True
targeted_abuse,2.1077629438518066,user_39,0,0.3198256888536568,0.5072265345438474,0.15017344076226222,433.589605177808,5.494781551508935,0.17167093024427055,0.0,True,500000,True
targeted_abuse,2.1387277681306607,user_63,0,0.2770131875751493,1.9761842387169761,0.18368094610879826,567.0256075515812,0.8415117085487738,0.06753496726973891,0.0,True,500000,True
targeted_abuse,2.1758942357975393,attacker_2,1,0.35674885177654514,12.051917908073932,0.40709923975507545,80.26469315205429,18.074837920868394,0.5927412619157787,0.44505961571983593,True,500000,True
targeted_abuse,2.2259208523104674,user_51,0,0.41306907251865954,0.2017971054307354,0.16044991917946014,219.67958798632526,0.8534192317733336,0.19247465980666636,0.0,True,500000,True
targeted_abuse,2.308801991793346,attacker_17,1,0.4591081182589739,9.12032944040719,0.858955125251046,6.604009719321671,38.370930110126544,0.6591243152700882,0.45392013278622306,True,500000,True
targeted_abuse,2.3185025133819255,attacker_6,1,0.3285679666229578,10.345112377955559,0.6135511641194976,10.376921095137675,18.483230134816335,0.7585692418378339,0.4545668342254617,True,500000,True
targeted_abuse,2.3775039926681325,attacker_19,1,0.3715695269728663,6.917620581921321,0.3782385570890924,3.9148055262561283,18.32570790690226,0.62557646065911,0.4585002661778755,True,500000,True
targeted_abuse,2.415853099544737,user_26,0,0.09146305309620496,6.564296985914696,0.007405559118034098,182.4404383409314,1.9955479964020588,0.19983906723710962,0.0,True,500000,True
targeted_abuse,2.4321093605767663,attacker_29,1,0.42832632968425366,9.653421414282839,0.6154707576795441,67.63889836244553,6.839873941307937,0.82458278725297,0.4621406240384511,True,500000,True
targeted_abuse,2.50539188113216,attacker_19,1,0.318388182921574,5.840249890774825,0.5770673945013405,13.76307443139562,17.244082291999025,0.7340864893314157,0.46702612540881067,True,500000,True
targeted_abuse,2.508878337745431,attacker_13,1,0.3275602652258537,48.85600010956095,0.5624481218495301,11.23738193237236,16.970415194277756,0.39018030424499284,0.4672585558496954,True,500000,True
targeted_abuse,2.5314972279206116,attacker_9,1,0.3088042117757426,9.522972773002449,0.5932153073344907,13.158062851260164,14.633411798347367,0.7065795107621866,0.4687664818613741,True,500000,True
targeted_abuse,2.5380468048872977,user_2,0,0.07350561963786321,0.9579286488230107,0.16915807218025292,842.7460363899678,0.3330207141099932,0.12981556763234003,0.0,True,500000,True
targeted_abuse,2.5687020524262074,user_75,0,0.12545935210103992,0.9661248290048396,0.31287546103018715,365.69779395631684,2.4535871902899107,0.12425052127354476,0.0,True,500000,True
targeted_abuse,2.63827340404064,attacker_0,1,0.5931596805190664,15.859628757545487,0.6256145888203956,13.022756987106845,17.112286560492343,0.5949042934327792,0.47588489360270936,True,500000,True
targeted_abuse,2.6452052351729,user_46,0,0.17097067883649936,1.225653695984383,0.13457185699350854,86.74243418641258,2.6064425787204866,0.12840290002857943,0.0,True,500000,True
targeted_abuse,2.813401262263235,user_42,0,0.20381554426320228,0.5589770923594364,0.09102110335791051,144.0162817501893,0.26430071726190063,0.22378570490071226,0.0,True,500000,True
targeted_abuse,2.837139490898063,attacker_14,1,0.5054721024577468,29.4569131672965,0.8903827121286112,21.656306410114873,11.041672919388027,0.6185956907152158,0.4891426327265376,True,500000,True
targeted_abuse,2.986964391962872,attacker_25,1,0.5527661163929966,12.653031830565421,0.6431113260530656,3.981423869804235,23.812640088003022,0.31678280687759963,0.49913095946419145,True,500000,True
targeted_abuse,3.0108117154055094,attacker_25,1,0.5330694292676181,16.241246461909288,0.6078936670662219,23.846392329178624,12.208468424171954,0.6511567265046575,0.500720781027034,True,500000,True
targeted_abuse,3.0520005548930285,user_48,0,0.2812735029495353,0.3864696677462677,0.13494435442398345,1086.6721289216348,3.021010781393536,0.0977588325625874,0.0,True,500000,True
targeted_abuse,3.0872131028704066,attacker_23,1,0.3191562708144073,5.9069090759635845,0.6970138805683327,28.665648153703984,25.706450770207272,0.6734919322899519,0.5058142068580271,True,500000,True
targeted_abuse,3.1352016516636683,attacker_1,1,0.4282940496473704,21.49347559390899,0.6008095822064906,3.9480237921404364,6.083695152410076,0.7054013523803424,0.5090134434442446,True,500000,True
targeted_abuse,3.15418111112042,attacker_4,1,0.46824840758275454,6.517942196436957,0.604447562599184,5.36884258114474,7.760124114374494,0.6129882205044956,0.5102787407413614,True,500000,True
targeted_abuse,3.2184735134463467,attacker_9,1,0.5148217135010515,6.215769518075707,0.7806407460301478,4.473684131905067,44.098267416328106,0.6965790678256307,0.514564900896423,True,500000,True
targeted_abuse,3.233341369176275,attacker_12,1,0.44222365145844666,10.097434884255103,0.6562150207768982,7.963362322800183,6.492992855734635,0.6172380429883899,0.5155560912784183,True,500000,True
targeted_abuse,3.3072318761986925,attacker_22,1,0.4225259185287188,8.490501283597439,0.5876548817443499,7.161975322479488,6.74017432801563,0.8349151434015307,0.5204821250799128,True,500000,True
targeted_abuse,3.4203881600224855,attacker_2,1,0.6756615220256805,19.250043496183764,0.6550588197814755,2.009424516142882,11.677098236218281,0.73588749883184,0.5280258773348323,True,500000,True
targeted_abuse,3.4403380962743912,user_72,0,0.26006573048995313,3.2204244189205022,0.09209363106247365,84.22895773919805,1.2338834369545244,0.36296138605215006,0.0,True,500000,True
targeted_abuse,3.487489838615194,attacker_23,1,0.6431537011163694,7.632669233602102,0.561490269566407,2.2799424298239153,13.958711163314813,0.8481525848539343,0.5324993225743462,True,500000,True
targeted_abuse,3.5237856708774515,attacker_10,1,0.296367082279443,13.534850441346812,0.5711153293208031,8.278208359995272,32.242238403423016,0.6932578837516667,0.5349190447251634,True,500000,True
targeted_abuse,3.594874976994547,attacker_12,1,0.5188273730820923,5.92259514888246,0.44074023310717464,11.48568723467841,58.295833385507876,0.6568640983637457,0.5396583317996364,True,500000,True
targeted_abuse,3.6309684085042604,attacker_13,1,0.5151690484493042,28.215116848090393,0.6129117242652026,2.974810094893585,6.5791014991853745,0.8673620793613652,0.5420645605669507,True,500000,True
targeted_abuse,3.6507202544214987,attacker_2,1,0.22886051771458696,9.55233430265667,0.8549677544035431,7.650017810343949,19.32845062922356,0.7116805559305239,0.5433813502947665,True,500000,True
targeted_abuse,3.7531290218441966,user_67,0,0.19930574053683386,2.441002503285814,0.19527764283854349,121.0861494416352,0.2100499061891337,0.18946876303633264,0.0,True,500000,True
targeted_abuse,3.8004900805898996,attacker_20,1,0.3074461993301465,17.83936874392488,0.8254212836700243,23.28433437996062,10.71904835232807,0.8497009959627262,0.5533660053726599,True,500000,True
targeted_abuse,3.8887291395553247,attacker_24,1,0.32001319647216897,16.132884105562216,0.8973997316381918,15.542663028535193,12.532356488774901,0.8631295852876962,0.5592486093036884,True,500000,True
targeted_abuse,3.9879354702253282,user_57,0,0.3132699957940965,0.3540719604102572,0.0807747804993529,497.05793833879545,6.071210796241311,0.040540001753045486,0.0,True,500000,True
targeted_abuse,3.988219721303537,user_74,0,0.2800209205022171,0.9570405767324597,0.14848109920980523,197.74499757234176,1.5154446014649363,0.4746671857229131,0.0,True,500000,True
targeted_abuse,4.198688015028637,attacker_2,1,0.5560181164372211,25.859183820108033,0.42634700553465854,15.18437017207052,21.187762637355636,0.7100400506281755,0.5799125343352425,True,500000,True
targeted_abuse,4.200403073402748,attacker_3,1,0.3387273304722888,12.335575226240941,0.6624727518892832,24.58855778734445,9.151040666764338,0.9692427758376388,0.5800268715601833,True,500000,True
targeted_abuse,4.2092468505575455,attacker_14,1,0.45678298227820924,12.338829073589565,0.532735137560776,26.49243238506878,10.988863200704898,0.7744568628169561,0.5806164567038363,True,500000,True
targeted_abuse,4.2135539986425465,attacker_3,1,0.5304843812756682,29.215252959648055,0.4663440874839157,13.948840595764054,10.641687283049764,0.6537720217169426,0.5809035999095031,True,500000,True
targeted_abuse,4.240935185745825,attacker_3,1,0.6024607067684673,5.426157480204053,0.3183412912428722,6.49583926748589,16.3134633566282,0.6399822516503492,0.5827290123830551,True,500000,True
targeted_abuse,4.29935312135247,attacker_21,1,0.34769936030836784,28.008400557278282,0.635058471530543,66.00247784581975,27.047338184101957,0.5345011169052062,0.5866235414234979,True,500000,True
targeted_abuse,4.303510011103863,attacker_10,1,0.6324668932065156,16.61688532739428,0.7118737296350406,3.2680905280842176,15.414556733783748,0.7370465081891658,0.5869006674069241,True,500000,True
targeted_abuse,4.310019321912926,user_33,0,0.11538768519252574,0.07257261650774233,0.11218362543149792,206.27511176082658,0.14027660123753086,0.34712046986584005,0.0,True,500000,True
targeted_abuse,4.362575054768253,attacker_25,1,0.3975108746752513,5.5007398825641864,0.41525249028988287,8.82942753083468,6.122516830822819,0.6501530213369329,0.5908383369845502,True,500000,True
targeted_abuse,4.503469711371282,attacker_14,1,0.44521975740655595,7.739607983980614,0.7355662936396077,2.771393005265591,9.60164896200796,0.7333914879829995,0.6002313140914188,True,500000,True
targeted_abuse,4.67114668409269,user_59,0,0.24241634838032197,0.9066588176413346,0.3226502554389939,575.5562814059106,2.947177659696508,0.39622411744515285,0.0,True,500000,True
targeted_abuse,4.701274306329181,user_32,0,0.09289241443500398,0.9376541679511656,0.22455657212479008,383.0446638512001,4.764238760977806,0.19622924900978111,0.0,True,500000,True
targeted_abuse,4.739622627690283,attacker_12,1,0.36138938041727214,11.60910256463054,0.6969363982177764,18.552027610583885,28.291358140174495,0.781384393903654,0.6159748418460188,True,500000,True
targeted_abuse,4.7640128866724005,user_76,0,0.4065674545147917,0.12235055094214063,0.21611585465295002,56.200687015534626,0.680609965023209,0.2566275593565,0.0,True,500000,True
targeted_abuse,4.861022912774074,attacker_28,1,0.46366280743853344,9.65080552597372,0.6300649772235265,51.92539870231734,6.041129663231419,0.9530375422231547,0.6240681941849382,True,500000,True
targeted_abuse,4.8708682969289825,user_60,0,0.10764301358854984,4.154394351862761,0.040800402498310975,150.45210932177804,2.213366874627211,0.33007322817186235,0.0,True,500000,True
targeted_abuse,4.906932152531468,attacker_9,1,0.7205484045834003,7.033999058990113,0.5506841476882706,78.74252174807238,13.412615212236265,0.5470373062586422,0.6271288101687644,True,500000,True
targeted_abuse,4.980224250576736,user_15,0,0.1706740058829144,0.3127552848371081,0.0738693586959331,600.9254739668656,0.6344087504214718,0.5634411923439169,0.0,True,500000,True
targeted_abuse,4.983360471306359,attacker_8,1,0.42759614923213174,6.055869038746981,0.8577152792684053,20.049483688129747,8.917812758352962,0.7019929436944712,0.6322240314204239,True,500000,True
targeted_abuse,5.004561667288596,attacker_21,1,0.5900593142407885,8.381205763010398,0.8258129794989534,17.427675904911457,43.579836777356036,0.6612076301362344,0.6336374444859063,True,500000,True
targeted_abuse,5.277247973681392,user_1,0,0.24436142957292034,1.7098952390490127,0.20797802917073807,462.2272011866936,0.44831201855928327,0.11818434666296956,0.0,True,500000,True
targeted_abuse,5.28583704345184,attacker_13,1,0.5133138932984437,18.813628615284106,0.8194736858229299,6.284671675561322,18.188103500470074,0.3101319472460401,0.6523891362301226,True,500000,True
targeted_abuse,5.301508660847187,user_65,0,0.157055199407379,1.2589434445131964,0.10633219794672372,36.80450370605707,0.7192910618526265,0.6479653331844851,0.0,True,500000,True
targeted_abuse,5.455043357711965,attacker_4,1,0.5831909679961953,17.54274062312648,0.47497516324595845,2.2123882011520744,11.742874256369118,0.7952219106529974,0.6636695571807976,True,500000,True
targeted_abuse,5.491591575304599,user_9,0,0.08629144554469943,0.3210485848417721,0.19027872711524077,40.816333892795384,1.1289020713414648,0.1854221798883194,0.0,True,500000,True
targeted_abuse,5.514304198359924,user_58,0,0.27680632615291834,2.4285476828787456,0.42179386852252665,248.1235483569329,4.015784599364803,0.1853804222322303,0.0,True,500000,True
targeted_abuse,5.632889831894517,attacker_15,1,0.6299252208535726,6.0062689257032575,0.6167269209879156,19.508482886707544,11.469168404311798,0.8945617709053915,0.6755259887929679,True,500000,True
targeted_abuse,5.644462062013589,user_17,0,0.258919987248421,0.4093840494818541,0.37880609928113645,37.21534984511446,0.4647339985604034,0.20537458495169778,0.0,True,500000,True
targeted_abuse,5.659806315439103,attacker_13,1,0.3757595982299232,9.06940049041581,0.694632070876979,36.056091653966476,14.336220338753089,0.6951435986928101,0.6773204210292736,True,500000,True
targeted_abuse,5.800006791445628,user_19,0,0.16676405425496665,2.2268860215444564,0.07401202211472813,293.2992547295947,0.099183536773045,0.19231483391943782,0.0,True,500000,True
targeted_abuse,5.842950283549894,attacker_23,1,0.5696984684810087,7.504756155304193,0.7277932539188001,11.74655019229305,42.85765866387283,0.7090538203905762,0.6895300189033262,True,500000,True
targeted_abuse,5.960291170031141,user_35,0,0.05946925586659887,2.4123096866508207,0.2781287797540019,216.8426481274938,0.2475914725998888,0.15085509638543865,0.0,True,500000,True
targeted_abuse,5.973720532555312,user_62,0,0.11380061270914096,0.9837510700853767,0.10807619711257249,436.5964977198045,1.4787665946797575,0.25135394586517135,0.0,True,500000,True
targeted_abuse,5.978208348444628,attacker_18,1,0.669549536954932,19.21427399980238,0.35634845713293767,20.50297966977684,6.736162189862736,0.5238936406573411,0.6985472232296419,True,500000,True
targeted_abuse,5.980589872260283,attacker_15,1,0.2771098797933307,13.946278236568325,0.5291086636081517,5.244221725705752,7.9591921816383175,0.6115074058320109,0.6987059914840188,True,500000,True
targeted_abuse,5.998767743903101,attacker_4,1,0.3846276351205752,11.92051269435682,0.7927948741911744,18.725588034752313,7.422708182182692,0.8468371875577344,0.6999178495935401,True,500000,True
targeted_abuse,6.014215794062786,attacker_24,1,0.4099938551107962,7.418911560385668,0.6791981264146245,1.2668773874243877,24.605025947554214,0.7652489908394874,0.7009477196041858,True,500000,True
targeted_abuse,6.184661127591305,attacker_14,1,0.41097006147717285,6.481705283572454,0.33920742853377206,1.3336821437640645,31.10340021621981,0.8567204392458306,0.7123107418394203,True,500000,True
targeted_abuse,6.2503075537456105,attacker_3,1,0.4664038876637372,12.119494095636602,0.4522571060565028,3.07131392635604,15.027061605076195,0.5606915910164928,0.7166871702497073,True,500000,True
targeted_abuse,6.4436802372139415,attacker_2,1,0.22811988334429395,8.031247873517344,0.48244033882601084,1.4665466939842302,16.707416592609164,0.8237090427125073,0.7295786824809294,True,500000,True
targeted_abuse,6.517524591089352,attacker_10,1,0.3741053014258382,22.1611218915183,0.5399377460749367,23.222651635884798,20.6595949125615,0.5354907053826095,0.7345016394059567,True,500000,True
targeted_abuse,6.59302029426016,user_73,0,0.1356681698177014,8.332231488273532,0.3127101266863889,236.8434946693822,2.1690754226104305,0.2460095391021663,0.0,True,500000,True
targeted_abuse,6.595289017502056,attacker_6,1,0.4907679340788101,8.531422738487809,0.5463239169499071,3.130870218147087,9.580561338015967,0.6262212014150949,0.739685934500137,True,500000,True
targeted_abuse,6.723002467080212,attacker_28,1,0.7488068576055859,5.765199310205874,0.3786138171139839,12.15513138041489,6.039279469589957,0.6131696691648595,0.7482001644720141,True,500000,True
targeted_abuse,6.7619292001973905,user_69,0,0.1444270504604878,0.5716607053800983,0.35656034404325987,111.2462819275301,3.774819532207826,0.43554328674503007,0.0,True,500000,True
targeted_abuse,6.769523247773199,user_14,0,0.07564330152760089,1.7947233880053985,0.1569253677961981,92.66748005224966,0.862949906359936,0.3006645866461152,0.0,True,500000,True
targeted_abuse,6.820858962625795,attacker_11,1,0.5660427197866585,6.673742047709403,0.653372073088755,9.93851814474385,28.3781620591709,0.4795313470302939,0.7547239308417197,True,500000,True
targeted_abuse,6.884006615169242,attacker_28,1,0.38219581548304693,5.707448376340804,0.8386569140431777,6.373383321605869,14.719938160786294,0.7580104711561295,0.7589337743446161,True,500000,True
targeted_abuse,6.8981028341571164,attacker_17,1,0.4780046069932775,5.301361719347497,0.5418644046831771,9.536921503496124,13.692850271109386,0.7251254372488343,0.7598735222771411,True,500000,True
targeted_abuse,6.9176969544097435,attacker_10,1,0.41159800320293605,10.272673745070964,0.7371322979274505,15.66526375325684,45.386984333634,0.9240557255274903,0.7611797969606495,True,500000,True
targeted_abuse,6.976518167421036,user_13,0,0.3436545391617187,3.302681548381907,0.49077758684352624,232.48877625892726,0.6794353387623657,0.06255336911489262,0.0,True,500000,True
targeted_abuse,7.032781643857929,attacker_9,1,0.49500183997316277,32.13939027526193,0.5323899384099765,19.18552254251928,30.453011142376447,0.61347004493987,0.7688521095905285,True,500000,True
targeted_abuse,7.065123416177814,attacker_1,1,0.6081018531363571,8.834466596413248,0.3371064767894275,28.257812240168604,13.892350324575297,0.8608675281771858,0.7710082277451875,True,500000,True
targeted_abuse,7.065564268970491,attacker_7,1,0.6816147381720246,33.224785420613955,0.6409868648058423,3.053835416008928,9.609658070991387,0.7974060789032353,0.771037617931366,True,500000,True
targeted_abuse,7.109620490086649,attacker_11,1,0.711607172795207,25.57785053611355,0.47476352457677495,25.297585102620012,21.234378272894098,0.810713200827299,0.7739746993391099,True,500000,True
targeted_abuse,7.228027670490562,attacker_9,1,0.6862689425857282,25.50739589439098,0.6836154340114755,1.3564180435311295,14.977376049520116,0.7663043380011022,0.7818685113660374,True,500000,True
targeted_abuse,7.246884856919013,user_70,0,0.2842450821248679,0.29413456907477664,0.3066510180650635,47.38201961862819,0.5239993331039645,0.23448727688348558,0.0,True,500000,True
targeted_abuse,7.331644846554711,user_31,0,0.07475438392461677,2.1090186468515215,0.3764760317375527,32.3870241992695,2.6529901734801773,0.24166960858868106,0.0,True,500000,True
targeted_abuse,7.406955842041411,attacker_24,1,0.6161300479530296,17.586816944922724,0.47643965390854565,25.720464460551746,9.727469739715138,0.7958719981717026,0.7937970561360941,True,500000,True
targeted_abuse,7.458381040453378,attacker_15,1,0.824624080319792,10.048096899856171,0.5335855992421384,25.96979977904997,6.271025276559645,0.7735056821527545,0.7972254026968919,True,500000,True
targeted_abuse,7.462508233952341,user_20,0,0.16312638971917773,5.997604134337808,0.0722216746750889,441.3517764344227,0.15468593656445775,0.21951140941366867,0.0,True,500000,True
targeted_abuse,7.543556218679918,attacker_29,1,0.649065275149268,39.4515950182272,0.691346430737647,14.345500712104968,19.015933648045745,0.5839900339200643,0.8029037479119945,True,500000,True
targeted_abuse,7.744426442116495,attacker_10,1,0.4698158204070988,9.01430069057929,0.4334080054974418,4.23708676373125,15.316777988594904,0.9108821282197828,0.8162950961410997,True,500000,True
targeted_abuse,7.76173707174722,user_44,0,0.27389237160286956,0.12041365124101,0.06779072976501112,518.8573478791743,3.566915919710712,0.1901919070117904,0.0,True,500000,True
targeted_abuse,7.789804423131268,attacker_24,1,0.7227269751653915,17.178723792966913,0.5934323838968166,1.731871227046227,9.521537937702572,0.6681513592342133,0.8193202948754179,True,500000,True
targeted_abuse,7.809672582963859,attacker_13,1,0.8561276885215117,5.941952432948195,0.6944162764862363,15.399807943939779,7.7360159885350575,0.7825203812194484,0.8206448388642573,True,500000,True
targeted_abuse,7.821546790631173,user_8,0,0.42737220073560495,0.35387863301767525,0.2401137469178806,151.55872863636978,3.120799684347562,0.29589780137350274,0.0,True,500000,True
targeted_abuse,7.8542733989238664,attacker_10,1,0.5692278308201183,7.032421722174906,0.5193574413607484,28.796297425736565,34.561450328108236,0.8140094535881996,0.8236182265949243,True,500000,True
targeted_abuse,7.8683008729727435,attacker_4,1,0.5824065334017579,6.025570668522113,0.7437070079543772,10.11666069292112,11.583078432399388,0.4191155481137831,0.8245533915315162,True,500000,True
targeted_abuse,7.917113844116964,user_54,0,0.2757324578675317,0.4429361710922096,0.3076002641921664,244.96837915525165,1.0860294753781916,0.006926208013703711,0.0,True,500000,True
targeted_abuse,7.963431492143828,attacker_2,1,0.7747775356690922,11.582729819848936,0.3978653512087284,3.3615468880078723,13.79669234869409,0.6353091909872743,0.8308954328095886,True,500000,True
targeted_abuse,7.968616679224382,attacker_15,1,0.9253804463562447,7.253820311279194,0.7566652933526142,10.7165256193096,9.053616960289638,0.7575753440607014,0.8312411119482921,True,500000,True
targeted_abuse,8.007160929086732,user_12,0,0.137900760832991,0.917170528860074,0.21711546295970371,75.18820940059271,1.6954608578761785,0.055275002318467555,0.0,True,500000,True
targeted_abuse,8.022656516436854,attacker_27,1,0.6754634074592469,12.122501915099583,0.30605909190941955,14.029067118085667,46.33727806990595,0.65414439049316,0.834843767762457,True,500000,True
targeted_abuse,8.07017498695005,attacker_19,1,0.8490110368506795,8.564626152242425,0.6531263605572674,8.799204347813854,27.076752545252145,0.533888016391305,0.8380116657966701,True,500000,True
targeted_abuse,8.142611463412424,user_45,0,0.25523649887189903,0.6942842029640378,0.026093308979087133,113.22531807556949,2.156032540507129,0.07813291844349562,0.0,True,500000,True
targeted_abuse,8.24621738891857,attacker_26,1,0.42175488020598595,6.098923255078608,0.7324654830639706,7.47228510483325,17.931445201610302,0.6535234376062917,0.8497478259279045,True,500000,True
targeted_abuse,8.249411631670197,attacker_25,1,0.43168694350639225,19.55542992964415,0.5158164201183522,34.918703281046874,12.72536418563745,0.5344714249582648,0.8499607754446799,True,500000,True
targeted_abuse,8.369218638456243,attacker_1,1,0.5191459838871237,13.117401131301866,0.46541368453730264,3.7812488061442,16.488469474762347,0.7769098809570356,0.8579479092304161,True,500000,True
targeted_abuse,8.494507003228568,user_66,0,0.48512147341802864,0.098626070160412,0.2639432359541825,383.5902356720731,2.1328238921138,0.05796370100997755,0.0,True,500000,True
targeted_abuse,8.555134098422313,attacker_17,1,0.48987397143158595,6.716981105694033,0.7436377384567386,2.4719553820834808,21.971124071831856,0.7141639758388183,0.8703422732281543,True,500000,True
targeted_abuse,8.635382935741006,attacker_25,1,0.468653868108298,24.76842875131928,0.5796513697949138,45.710009236839745,36.93291396215848,0.7985289742331574,0.875692195716067,True,500000,True
targeted_abuse,8.659450033392373,attacker_24,1,0.4303669407105608,51.33443216952968,0.5183458042381784,4.975450858972412,22.079892687341776,0.6891914896099395,0.8772966688928248,True,500000,True
targeted_abuse,8.715318202252186,user_18,0,0.19534290706623222,0.07624287153097833,0.2323001499534464,95.31719251845497,1.7197969006370966,0.0949480678403186,0.0,True,500000,True
targeted_abuse,8.75937939217363,attacker_22,1,0.6730075812801909,16.364113731025235,0.7720178038548096,30.675563232856344,28.671617023705302,0.7161637828389544,0.8839586261449086,True,500000,True
targeted_abuse,8.81064510972956,attacker_0,1,0.5675197932840179,5.397543206862605,0.4210896428206195,82.55037827358876,8.862210730132142,0.8911737352642505,0.8873763406486372,True,500000,True
targeted_abuse,8.826164933392814,user_77,0,0.10040684693764014,0.8567361066760523,0.06926194835785444,494.12619094757997,0.49236556507881585,0.330642206359009,0.0,True,500000,True
targeted_abuse,8.87804956336246,attacker_28,1,0.43342382992056794,14.7274228734876,0.5796375388852484,5.343894580596249,29.617982635191066,0.7522844355109033,0.8918699708908306,True,500000,True
targeted_abuse,8.921398201930279,attacker_15,1,1.0,14.746841551185918,0.5006032626158508,5.069330473361527,20.35244553489379,0.844363328654149,0.8947598801286851,True,500000,True
targeted_abuse,8.98487073944218,attacker_15,1,0.7053698879292527,19.972647572167475,0.8532063205839583,2.5338965085033314,21.02194965440982,0.4468966464431304,0.8989913826294786,True,500000,True
targeted_abuse,8.991036644897118,user_16,0,0.09373270937711382,0.5292494898825305,0.3075106641917657,139.1605716621426,0.46098190073507145,0.26571515669519735,0.0,True,500000,True
targeted_abuse,9.016087403541784,attacker_25,1,0.9278447777046246,21.27558541077109,0.624091681654888,2.6680534850050583,17.770405423466336,0.6473036771551705,0.9010724935694523,True,500000,True
targeted_abuse,9.03152031524759,attacker_20,1,0.5742875998123151,25.354280367175605,0.706516537635027,20.43895498082253,50.32436052641822,0.8576401513753947,0.9021013543498393,True,500000,True
targeted_abuse,9.121901013028237,attacker_17,1,0.6587025906132777,38.55608081256792,0.4064066886195649,1.7404837954393642,20.263034586819103,0.6663760234608928,0.9081267342018824,True,500000,True
targeted_abuse,9.150863314869358,attacker_17,1,0.6260029980313147,5.073551038372742,0.5768157539722663,5.217264260512794,19.786851560627593,0.5322196200103916,0.9100575543246239,True,500000,True
targeted_abuse,9.154033458527461,attacker_26,1,0.7016361139272342,9.217139351797822,0.4931735971235192,11.716771558995509,26.923330897153715,0.8133593126203401,0.910268897235164,True,500000,True
targeted_abuse,9.180893978585377,attacker_13,1,0.929827367504711,14.094895676232749,0.44666699131127474,1.7763065610020061,7.864149600018692,0.8215221055856357,0.9120595985723585,True,500000,True
targeted_abuse,9.200837156977432,attacker_8,1,0.6361457432275196,5.370171852746623,0.5633387747321621,9.824033220901379,7.946156090357158,0.763628008752654,0.9133891437984953,True,500000,True
targeted_abuse,9.301917510451252,attacker_7,1,0.6960415195164582,6.465684258406432,0.3323319300096056,10.749924843724965,25.890514563605734,0.7851116233724671,0.9201278340300836,True,500000,True
targeted_abuse,9.36253981731092,attacker_29,1,0.5546721233250345,5.010220211362697,0.6544974800147066,1.4457820977695162,14.208626578629689,0.6553564424955721,0.9241693211540614,True,500000,True
targeted_abuse,9.36877994565892,user_11,0,0.11828175569362734,0.6201661485332867,0.1616493538899652,258.303943775228,3.080136910790458,0.4205237329879994,0.0,True,500000,True
targeted_abuse,9.405528199740559,attacker_8,1,0.6565803528863319,15.812514305346713,0.6918600918831739,11.73606845466341,23.407211870598772,0.42292029610694093,0.9270352133160373,True,500000,True
targeted_abuse,9.46854404539471,attacker_4,1,0.3171554462679418,8.775192148066848,0.4434653551765129,6.18020413755181,36.23514919592618,0.4743163295672553,0.9312362696929806,True,500000,True
targeted_abuse,9.550672848616596,user_71,0,0.3848702402778522,0.9751473859263089,0.32055220533777373,394.4951509221798,2.8238142707224183,0.13078011611668594,0.0,True,500000,True
targeted_abuse,9.673859055646744,user_6,0,0.16539290876999665,1.7165409452321665,0.06563442953576709,88.54979866946145,4.361592637736088,0.18553242613184207,0.0,True,500000,True
targeted_abuse,9.696531986108273,attacker_17,1,0.8735545868163792,10.895148452128344,0.6656238304584426,23.15038589591036,21.80610101361959,0.38532914999311113,0.9464354657405516,True,500000,True
targeted_abuse,9.703097766689094,attacker_16,1,0.9591805974301818,17.923127405121775,0.44529373356133495,1.871222618896328,10.837988869446693,0.8773186599598313,0.9468731844459395,True,500000,True
targeted_abuse,9.737548727145363,attacker_15,1,0.6193956831168891,7.31809395821999,0.6636103582763551,7.222977498827434,6.5221727068947635,0.7555261102337678,0.9491699151430242,True,500000,True
targeted_abuse,9.749689844546724,attacker_8,1,0.6065144339863968,16.39019353945965,0.6983896071281257,3.2361567795266932,7.49836581829914,0.857716875171136,0.9499793229697815,True,500000,True
targeted_abuse,9.755733743843734,attacker_4,1,1.0,21.48899640310409,0.5353283209676363,3.2097703694398807,6.689442289581005,0.5949066022947327,0.9503822495895822,True,500000,True
targeted_abuse,9.761419384994602,attacker_14,1,0.8982405231189508,21.400032339492235,0.2092054470718886,11.374459543137856,13.694943825139724,0.5471490193117419,0.9507612923329734,True,500000,True
targeted_abuse,10.043985191241422,attacker_11,1,0.4226132566591673,12.122576890491656,0.6427668491051655,2.2381578041788943,23.68667332948037,0.8291069919644878,0.9695990127494281,True,500000,True
targeted_abuse,10.059884816013852,attacker_13,1,0.6997125142421263,16.917657298906796,0.5225017987456713,31.769232217439246,23.25216283663716,0.6963475872961621,0.9706589877342569,True,500000,True
targeted_abuse,10.075828964813335,attacker_29,1,0.8899056031323057,16.124563115380738,0.5699721070085292,14.650300099387866,6.630669184020194,0.7549980299985597,0.9717219309875555,True,500000,True
targeted_abuse,10.12218509840942,attacker_19,1,0.6858285178301745,19.648162050105658,0.4266184928748011,21.102213267587686,38.75460767361009,0.9256629879248789,0.9748123398939612,True,500000,True
targeted_abuse,10.178866489139667,attacker_16,1,0.542822085616424,8.667950999634261,0.779875544267101,4.934145869631269,10.84288155814045,0.704662370916002,0.9785910992759779,True,500000,True
targeted_abuse,10.206817352284101,user_7,0,0.40645280482022755,0.5627040546381814,0.06927444299396765,56.27603498107733,8.040592118233398,0.3261321341652156,0.0,True,500000,True
targeted_abuse,10.249347727232463,attacker_1,1,0.7356640817926021,5.17026980967677,0.4297627881145898,2.086886936674207,14.245506592862295,0.700810498839565,0.9832898484821642,True,500000,True
targeted_abuse,10.254515240164576,attacker_3,1,1.0,80.14870827951098,0.8065339933922364,9.454205021932841,17.155724557589714,0.8037267262055665,0.9836343493443049,True,500000,True
targeted_abuse,10.436358357067952,user_78,0,0.19858931740508337,3.4781367967612247,0.08476270649094514,406.83137519765194,4.524502350066019,0.20280136428297998,0.0,True,500000,True
targeted_abuse,10.558692966734192,attacker_25,1,0.6540795096182694,19.296486112440398,0.6167868996497163,44.13569307139694,13.588719776216328,0.5660489282552296,1.0,True,500000,True
targeted_abuse,10.585201164440798,user_34,0,0.20356805903979544,1.7009102840024715,0.3572853595784801,34.20455264081833,4.401805916233283,0.1501480871658167,0.0,True,500000,True
targeted_abuse,10.600437295670586,attacker_28,1,0.839341458963812,6.036798095588856,0.6014680168143406,1.396980857298395,36.26593873116661,0.7797077126674793,1.0,True,500000,True
targeted_abuse,10.679506518093453,user_4,0,0.26658690348475794,1.1445977809623626,0.1615820405325426,47.62213902393134,1.892772974824318,0.015005330206898902,0.0,True,500000,True
targeted_abuse,10.78247846340794,user_50,0,0.2130618829487446,0.9379164520588819,0.15485727695200074,375.84611242118774,0.6559578490914332,0.15349885268090885,0.0,True,500000,True
targeted_abuse,10.829904332196072,attacker_29,1,0.7947815376126319,8.038093727222405,0.5804096585083883,5.706529892528859,17.26317146832987,0.695102094455889,1.0,True,500000,True
targeted_abuse,10.899347228105876,attacker_1,1,0.6772448675026619,6.994860428336623,0.5180209914849715,33.69619720847315,9.0484344355717,0.7242067627263499,1.0,True,500000,True
targeted_abuse,10.92754734866989,attacker_15,1,0.7898631934820475,23.766921850406348,0.5486132856915116,5.5385622135242105,28.23731385005108,0.6421800560276502,1.0,True,500000,True
targeted_abuse,10.950272071143957,attacker_3,1,0.8902432320734521,25.720777377131213,0.7839266529841142,16.472975082928645,16.01475094253171,0.41850032996772546,1.0,True,500000,True
targeted_abuse,10.975669085256431,attacker_28,1,0.9681597619553126,10.244395727760445,0.7856295043311152,41.24371996460455,14.415723945341997,0.7647224977800141,1.0,True,500000,True
targeted_abuse,11.041891097773554,user_36,0,0.18832649685682837,3.2637659223055335,0.1598538273647005,187.54468057665167,4.3195189034432735,0.22712159517672134,0.0,True,500000,True
targeted_abuse,11.123328046763929,user_49,0,0.1240956786594582,1.7907775853661203,0.05477156720099419,485.6330763415168,0.3031314514616661,0.5848624165322647,0.0,True,500000,True
targeted_abuse,11.158639187512719,attacker_11,1,1.0,12.386175339480518,0.5763409413853084,15.588820133011746,30.157676051141657,0.4241004870021947,1.0,True,500000,True
targeted_abuse,11.242835528013252,user_0,0,0.30877368692831425,0.961800035036918,0.11886012692587294,1180.8114306994266,0.45155995236415103,0.37675517027258426,0.0,True,500000,True
targeted_abuse,11.317551200808166,user_29,0,0.09108579959572244,1.2423381213614824,0.1597012197752501,436.5049044760002,0.27366123527505837,0.25776174998317924,0.0,True,500000,True
targeted_abuse,11.38426130868387,attacker_29,1,0.9171191410953161,17.59319931935415,0.6925451198811275,7.1685955734865,28.92029256356232,0.5486847770577539,1.0,True,500000,True
targeted_abuse,11.493559535916452,user_43,0,0.2108301690943189,0.5037035958484752,0.35510174888146867,169.8587419779793,4.859589362980913,0.2819118516242754,0.0,True,500000,True
targeted_abuse,11.506234514946902,user_64,0,0.1116914384881837,1.3761956831961686,0.04549244230129287,643.3727488974872,0.1516903854114944,0.24756483236793092,0.0,True,500000,True
targeted_abuse,11.544685040574528,attacker_13,1,0.6169354844878008,15.289575976946878,0.5073293924278706,63.6688546353411,21.60833380095991,0.7137632820039048,1.0,True,500000,True
targeted_abuse,11.547226468187406,attacker_29,1,0.8950076845424568,6.293879701835225,0.5379087023752672,6.521853365149184,10.553748181477738,0.9206633309630533,1.0,True,500000,True
targeted_abuse,11.549376343273183,attacker_16,1,0.823041834952837,12.403559243540709,0.4008643118047195,14.54232715718711,27.124086454071566,0.5667594557226929,1.0,True,500000,True
targeted_abuse,11.641195788664142,attacker_20,1,0.8559333649295425,6.525760409793396,0.6275539021857275,5.751948822944553,20.175262696812815,0.8232771564059469,1.0,True,500000,True
targeted_abuse,11.668730817148088,attacker_19,1,0.7317985346481644,11.197795414701263,0.5205206737439366,19.07698489593948,11.502313471029641,0.7002772615691868,1.0,True,500000,True
targeted_abuse,11.677124987663406,attacker_3,1,0.9880322718389645,6.964202025694051,0.7046848714610853,18.358241958975178,53.73274759124419,0.7474689514919951,1.0,True,500000,True
targeted_abuse,11.7428326412571,attacker_8,1,0.8652928440643202,9.071886882356651,0.3176248840688081,18.05322034055372,16.58844805846359,0.8320544226929043,1.0,True,500000,True
targeted_abuse,11.793432975521728,user_53,0,0.12655276197876963,0.13573270265222379,0.132031449229728,251.23459302560676,4.00616387763877,0.12127542683778342,0.0,True,500000,True
targeted_abuse,11.818252236121472,attacker_28,1,0.9561740177315896,19.444576818035564,0.6638827154662098,2.699103359127764,34.02302606152973,0.5175089365031018,1.0,True,500000,True
targeted_abuse,11.847303903601595,attacker_0,1,0.8217980375416583,18.433096007112244,0.5770207360548492,76.85774734495192,12.833384811294515,0.7532306610009415,1.0,True,500000,True
targeted_abuse,11.86916869999845,user_10,0,0.14580616673148736,0.9759670578038152,0.2508263938341493,173.64684504846068,0.716224138512901,0.22868793536999776,0.0,True,500000,True
targeted_abuse,11.870285281934832,attacker_8,1,0.6494452675145129,19.94984053969446,0.73548606829048,1.5911435091603616,14.669792216479637,0.5520481347159027,1.0,True,500000,True
targeted_abuse,11.888098421747463,attacker_9,1,0.6869609783563622,7.257269475321456,0.6002998812471922,1.1604265329516494,28.00244428132151,0.5227483858850995,1.0,True,500000,True
targeted_abuse,11.936684273074105,attacker_25,1,0.4274515943679993,8.849551378378457,0.5573091572898955,54.21273452941444,10.663121807882431,0.6530469754621733,1.0,True,500000,True
targeted_abuse,11.96883324054627,attacker_15,1,0.46385521333325863,15.801507666512464,0.4277691701139699,45.92726061355665,7.7328661623606365,0.7520441366833919,1.0,True,500000,True
targeted_abuse,12.033554780603254,user_24,0,0.06821221905678021,0.2586574688511555,0.08173329523869392,118.21622118794588,4.364821330919646,0.5843975031037867,0.0,True,500000,True
targeted_abuse,12.045735380118158,attacker_17,1,0.9356873352403181,5.139224704713961,0.4159864027171286,5.420439504839511,42.72141348216381,0.8073843379426898,1.0,True,500000,True
targeted_abuse,12.110729981528333,user_25,0,0.10590908469858142,6.115980801602753,0.4336343140485562,673.1857229649062,0.6143972370331074,0.2283479193331836,0.0,True,500000,True
targeted_abuse,12.149222996582088,attacker_21,1,0.8596866302658671,18.177979228136557,0.5728514586283198,32.46748105015254,24.15505370941952,0.6018139756062256,1.0,True,500000,True
targeted_abuse,12.163792395110441,user_79,0,0.24658490411650522,1.2433805451829056,0.12433894631651747,445.38835713569193,2.7224633717206856,0.20201734441474803,0.0,True,500000,True
targeted_abuse,12.165363841366952,attacker_20,1,0.5331217745488928,27.66008179689731,0.7539688635398004,5.904720471875812,7.465152307081347,0.3758873649496975,1.0,True,500000,True
targeted_abuse,12.23091698230322,user_27,0,0.3324752983281155,1.418487727384562,0.08487881263364873,338.8793152367944,3.4614500406549897,0.023499475065991253,0.0,True,500000,True
targeted_abuse,12.258999092884933,user_40,0,0.13204640574640292,0.4607361838745574,0.2206394142603898,58.47897353903866,7.042934775034214,0.4243210824229927,0.0,True,500000,True
targeted_abuse,12.264396020400106,attacker_5,1,0.32580654416145494,22.08870460062839,0.43537033952336035,3.9222555866854614,10.017423125993504,0.5310259268504414,1.0,True,500000,True
targeted_abuse,12.26549706365883,attacker_16,1,1.0,46.440109573664216,0.830708787039793,2.2340376726790794,11.576164358417248,0.6799929255905429,1.0,True,500000,True
targeted_abuse,12.322472413732214,attacker_24,1,0.7634133885449601,6.737943554928579,0.39102774047459193,14.57332107669454,11.247855381884479,0.6065371090151583,1.0,True,500000,True
targeted_abuse,12.362635593199565,user_37,0,0.4779860895838378,0.3207138800828511,0.4817153919788525,227.52104911924954,1.4322479157700965,0.1637910102814445,0.0,True,500000,True
targeted_abuse,12.38171508759626,attacker_12,1,0.9064404017053289,10.41191807207112,0.6720971554569813,12.757837989842182,36.06357709364934,0.676925353477931,1.0,True,500000,True
targeted_abuse,12.573797250274565,attacker_19,1,0.9121649313632709,12.911180943591383,0.40729355661641076,26.977839327360712,25.04808254019867,0.5925230072185267,1.0,True,500000,True
targeted_abuse,12.704723718256576,attacker_7,1,0.4479745300526633,5.310563871344604,0.8122037141634798,54.031865889032005,75.33570124676581,0.6016014242290294,1.0,True,500000,True
targeted_abuse,12.71274145980171,attacker_20,1,1.0,5.854794991812547,0.6866057637376987,2.89549804011798,27.09729590693412,0.7946341628433696,1.0,True,500000,True
targeted_abuse,12.72859771824599,attacker_28,1,0.7394294789105043,18.143870588991234,0.6293167406342585,12.11483905748307,12.375527207486304,0.6024193259017443,1.0,True,500000,True
targeted_abuse,12.776230670451,attacker_21,1,1.0,24.560963058417517,0.6575192483689527,9.039402338927584,17.79113443195528,0.750356654905526,1.0,True,500000,True
targeted_abuse,13.076417479912038,attacker_10,1,0.6772717561865392,10.056873836247945,0.7666892605949103,13.503031507294992,8.804128171611488,0.6212232240322966,1.0,True,500000,True
targeted_abuse,13.132813160977054,attacker_21,1,0.9163111273431489,11.236129848186827,0.6976642068570822,13.035899257128639,8.430678323558217,0.6778863041298225,1.0,True,500000,True
targeted_abuse,13.17800472395048,attacker_23,1,0.7374822073855375,13.748231878728493,0.5590816817702275,6.625723472324863,8.119797816186734,0.8444549316209925,1.0,True,500000,True
targeted_abuse,13.288594889907424,attacker_8,1,0.37060639170031606,7.879569278488503,0.603560005109141,2.332898840522124,7.489122673079735,0.6677139612574817,1.0,True,500000,True
targeted_abuse,13.291407926547732,attacker_26,1,0.7059981562168914,7.2836729452023405,0.6052099541644512,33.69499155805961,35.89707221837248,0.6204209291653601,1.0,True,500000,True
targeted_abuse,13.356195372885301,attacker_14,1,0.9776352338119466,9.73185696640563,0.7776615203544921,32.29714676956141,12.387703757420212,0.658656784231504,1.0,True,500000,True
targeted_abuse,13.363210078972678,attacker_14,1,0.5334863715016023,43.95589159624,0.7351362636113971,2.5239717900590692,12.896284156921638,0.7563877301641603,1.0,True,500000,True
targeted_abuse,13.504431972472675,attacker_10,1,0.57677263134159,9.281830920989998,0.46088531243336567,18.675253220798265,20.904838649999903,0.5084304205349206,1.0,True,500000,True
targeted_abuse,13.567268042291513,user_3,0,0.12710397982666524,0.7976353855684499,0.4013386278130159,269.17238238041216,3.7614547752672056,0.037934530788731026,0.0,True,500000,True
targeted_abuse,13.619022644993843,attacker_6,1,0.676077676702955,33.80643452621662,0.4213993193584994,15.644700595002561,67.68996532012957,0.708491952949681,1.0,True,500000,True
targeted_abuse,13.685306562906122,user_28,0,0.10237834974539614,1.3167914729033607,0.04697786378122686,243.562378246097,0.5884180431362724,0.07213702228295316,0.0,True,500000,True
targeted_abuse,13.705384971000052,attacker_7,1,0.9147884141072318,11.059084226925673,0.4533151376014402,36.95972512617419,12.431902708494217,0.7550123300635857,1.0,True,500000,True
targeted_abuse,13.754986180407613,attacker_2,1,0.693458117633118,11.445892231950822,0.8287404655064644,8.994626867508057,17.97058899253008,0.780204404217062,1.0,True,500000,True
targeted_abuse,13.755548429362575,user_47,0,0.10903388297125417,0.04805575361913646,0.29128336958859347,163.42157136135555,7.944370830158248,0.13108621873963344,0.0,True,500000,True
targeted_abuse,13.786374680488562,user_38,0,0.15638155396762624,0.09563917875453609,0.13646052442981407,41.88210345634005,0.8748845536514404,0.20044721788550315,0.0,True,500000,True
targeted_abuse,14.029270427890047,attacker_17,1,1.0,17.95479604266147,0.4916210620121669,40.93973946526306,32.86589513931352,0.8448849162723728,1.0,True,500000,True
targeted_abuse,14.04288004770166,attacker_1,1,0.4892903718022329,29.14647779502053,0.5347373042578875,19.161414376132328,15.307851453181259,0.8813387521288083,1.0,True,500000,True
targeted_abuse,14.053236779875995,attacker_12,1,0.775802300732636,7.648887553902497,0.6394422146223312,14.653024147321197,10.688096968613568,0.7033217301550846,1.0,True,500000,True
targeted_abuse,14.130682205602222,attacker_22,1,0.47153091744659476,11.76743422134505,0.5095654730350453,33.109481049368505,11.630820912414556,0.7482416518597398,1.0,True,500000,True
targeted_abuse,14.15867850222855,attacker_12,1,0.3434980153384357,21.243720483910806,0.6573290910267505,3.005069703695943,15.131646307674114,0.6602553701196803,1.0,True,500000,True
targeted_abuse,14.319461402986272,user_22,0,0.2661831627402102,3.4689978670281745,0.16143596727117374,37.987547212303284,1.1240873769014303,0.22107628199684018,0.0,True,500000,True
targeted_abuse,14.39599407370292,user_30,0,0.1354057517095103,1.7880579184640244,0.04894103131901821,80.36517771563783,3.030760947222614,0.2307533455073457,0.0,True,500000,True
targeted_abuse,14.407917230116682,attacker_18,1,0.7103083425142307,9.139343586302752,0.6573125213358124,8.453443404739488,20.469987883900636,0.44792645343033394,1.0,True,500000,True
targeted_abuse,14.431954893216831,user_55,0,0.07047926948956122,3.9701798215387534,0.4563095065332224,508.50802096638296,4.048406511301166,0.4549713337272868,0.0,True,500000,True
targeted_abuse,14.449768898871394,attacker_9,1,0.7709139112625399,5.876168717966491,0.744165305494387,17.243269901639763,11.780001060538748,0.6142912985516819,1.0,True,500000,True
targeted_abuse,14.470816097871728,user_41,0,0.2068629443025172,0.5786089124101853,0.12565732931166845,233.94999362376464,2.107825368650906,0.2699411689489028,0.0,True,500000,True
targeted_abuse,14.574941790212034,attacker_14,1,0.7903172959529878,27.769633177644234,0.545866661152724,15.984624118285042,14.399354412590778,0.7237087190170919,1.0,True,500000,True
targeted_abuse,14.608504280181663,attacker_20,1,0.9428012764869389,6.423119865133236,0.414814333309749,5.161245882815342,20.843449723591153,0.45044667401632704,1.0,True,500000,True
targeted_abuse,14.626509645777203,attacker_0,1,0.8285053965075145,7.1357096098606405,0.7755482648472505,2.6682193617110954,10.672794221098128,0.7602658572180974,1.0,True,500000,True
targeted_abuse,14.638953311185599,attacker_7,1,0.7567069565542812,15.628549602022998,0.32518843296227706,22.97438129168937,26.441681313675243,0.7143239448731332,1.0,True,500000,True
targeted_abuse,14.667088856394075,user_52,0,0.09127039864166413,0.4053654123331562,0.06077239218749456,130.86275846610482,2.8011121998330997,0.19144043874925715,0.0,True,500000,True
targeted_abuse,14.739129578605334,attacker_25,1,0.29592961398116513,8.858842897813327,0.6678339508986497,17.061363590457137,6.312136814409686,0.5860933696221106,1.0,True,500000,True
targeted_abuse,14.872473945258712,attacker_16,1,1.0,7.498570556484944,0.621073835877811,4.125472165487944,6.599198567313108,0.6638420890040041,1.0,True,500000,True
targeted_abuse,14.877248385314479,attacker_17,1,0.33953818062794977,9.832730787765849,0.4957195933424947,17.081387165065546,11.153116167432247,0.786798432133242,1.0,True,500000,True
