account_id,account_age_days,total_activity,activity_ratio,is_throwaway
account_0,325.98461322062695,34.44091527474112,0.10565196600684784,0
account_1,202.64321435241087,208.67072732955342,1.0297444599682488,0
account_2,277.89318481907094,40.07103553554071,0.1441958195614978,0
account_3,46.99324793612378,62.423372722435765,1.3283476981051745,1
account_4,159.17940681842217,38.62527816820528,0.24265248212832952,0
account_5,587.9397751124683,13.067588713908926,0.022226066796397978,0
account_6,78.2579037350585,7.314681316131341,0.0934689145379505,0
account_7,106.97120537158746,172.1767962078068,1.6095620836440396,0
account_8,59.584873843858105,311.11025296618817,5.221295823860451,0
account_9,746.7077264362905,18.489687702771164,0.024761612941939626,0
account_10,34.860738972876675,71.69900902175577,2.056726596574474,0
account_11,1026.5328777402392,239.91195201548035,0.23371092852243674,0
account_12,829.7027169910574,22.216863399691807,0.02677689604327433,0
account_13,154.4790822153709,47.32953305576786,0.30638150082858595,0
account_14,317.0655755247398,17.421025853869086,0.054944551533346035,0
account_15,96.94172540624822,37.151085687272314,0.3832311167516913,0
account_16,611.005991060107,134.5034318193562,0.22013439113091213,0
account_17,91.8069727303818,79.19632592061518,0.8626395530239136,0
account_18,8.106878177265152,156.72215918468254,19.331998798772208,1
account_19,5.802833085655713,673.126111653828,115.99956464675144,1
account_20,188.54483953851908,4.405650005242228,0.023366590228751226,0
account_21,211.7476160368797,295.22839319138205,1.3942465975152356,0
account_22,556.2840339253221,11.505461797192927,0.02068271080154256,0
account_23,205.4359587700261,149.26978155562585,0.7266000677258498,0
account_24,390.60967249365797,21.321312751566687,0.054584702461285994,0
account_25,1045.304417579653,249.6743767706662,0.2388532685519248,0
account_26,388.4248128580658,165.1657816993581,0.42521944075625073,0
account_27,7.114765875903643,125.2889964252741,17.609714586618242,1
account_28,190.59670984706784,16.076374326070546,0.08434759623589519,0
account_29,644.6873122406239,48.14666707162233,0.07468220043649938,0
account_30,109.93950525301159,27.113087588043506,0.24661824269307228,0
account_31,405.74765484077113,91.86572411940529,0.22641097988713318,0
account_32,194.32450195492868,173.72579424419513,0.8939984021391641,0
account_33,261.0705492725481,161.41425697063463,0.6182783060762785,0
account_34,72.47870850342609,215.14443758886438,2.9683812257594853,0
account_35,450.3347857384534,2.567541475277774,0.005701406057423593,0
account_36,168.68010334871963,5.735463100539237,0.0340020131993995,0
account_37,130.5556962207179,48.907594231495025,0.37461095645196274,0
account_38,3.387807016650208,120.75788948270116,35.64485488376608,1
account_39,37.25753094865373,51.21308011847747,1.3745698873351675,1
account_40,78.00862913216997,36.77056873312893,0.47136540075365996,0
account_41,94.37605375452803,337.6475102731325,3.577682016153729,0
account_42,523.8871051189259,79.11509676433816,0.1510155451266137,0
account_43,324.7087397834348,76.47704065903582,0.2355250453376843,0
account_44,96.35587904748866,248.27787288047688,2.576675915728131,0
account_45,199.85132662145313,142.6381868893206,0.7137214913739234,0
account_46,1138.8174716522312,133.91351223725042,0.11758996992113635,0
account_47,806.6291770138954,5.08785470907684,0.006307551045837255,0
account_48,258.32810382076997,25.744846813005285,0.09965948896859964,0
account_49,948.2953651078669,55.124860056226034,0.058130475044508606,0
account_50,1219.3217029428215,58.85213137801089,0.04826628709713919,0
account_51,188.16340895298845,240.29411851621444,1.2770501972370758,0
account_52,554.2197284406196,167.02857504004902,0.30137609050837827,0
account_53,237.54677299734223,188.6983363836401,0.7943628701104323,0
account_54,606.5409598649983,283.0087717685054,0.4665946580615042,0
account_55,523.9735216990339,163.52548810867347,0.3120873123100315,0
account_56,213.4544701033575,5.262413659268366,0.024653565028271533,0
account_57,438.84030171268614,59.8474268823776,0.1363763233431564,0
account_58,191.17787867721464,100.71571876970357,0.5268168025849493,0
account_59,535.0779783834448,78.89886328531671,0.14745301894815901,0
account_60,155.9927921788033,138.0744623767398,0.8851336042403484,0
account_61,118.83602212198518,341.9499560525408,2.877494129696879,0
account_62,1179.6389415122394,55.70529043097237,0.047222322416349626,0
account_63,863.0553793416351,74.45443545436041,0.08626843333177127,0
account_64,136.06295828871833,59.19027681089136,0.43502123983878666,0
account_65,114.18603612654937,0.0943860563902917,0.0008265989396959723,0
account_66,57.77016959381851,105.50772370288581,1.8263357100162518,1
account_67,696.8441788497339,79.99764615179966,0.11479990588979318,0
account_68,505.3692047145763,91.6919454727911,0.18143556160011196,0
account_69,566.0298518834303,370.54303754784786,0.6546351509816809,0
account_70,182.57185233929494,104.54447389605757,0.5726209848699468,0
account_71,35.153368140557966,75.42604451409153,2.1456278161599323,1
account_72,647.3743871043857,90.95941499401256,0.14050511853096503,0
account_73,264.10433891736875,192.79049719064466,0.7299785303828866,0
account_74,773.6983480167451,9.226270215932827,0.011924893260510288,0
account_75,716.5296240632515,20.067004893021863,0.02800582728070215,0
account_76,96.0366270369678,122.62324862905412,1.2768383523283489,0
account_77,398.19163278725,21.876187359537276,0.05493884240210922,0
account_78,45.46976806786414,38.870760543632024,0.8548704379933713,0
account_79,742.2865406051337,109.93949372336556,0.1481092377530376,0
account_80,1146.960799460487,127.02735904993084,0.11075126465497565,0
account_81,303.71486371396924,29.96254782146343,0.09865354449587091,0
account_82,20.424053462533514,75.86302967017706,3.7143963517987473,1
account_83,307.50720161843077,83.10689689508558,0.2702600019046334,0
account_84,96.36724737345588,47.761235000076226,0.4956168854235837,0
account_85,1307.696445382889,130.05980199765298,0.09945718095117398,0
account_86,554.2772413900483,89.57946413840688,0.16161490577126053,0
account_87,431.01427477820505,97.65174049636921,0.22656265977877338,0
account_88,275.6175427630893,75.21683720353624,0.272902938069475,0
account_89,297.3764827591088,22.009309080150054,0.07401159928970845,0
account_90,105.01514276683619,8.879437273439631,0.08455387517926376,0
account_91,421.95302063032887,57.57496857634068,0.13644876505524972,0
account_92,328.1439595140271,42.618172614732345,0.12987645019536176,0
account_93,964.1634316468832,69.79021072718166,0.07238421250635207,0
account_94,517.6782697794526,3.740382591535727,0.007225303455617808,0
account_95,179.63550501478903,253.24497441644934,1.4097712720856614,0
account_96,13.071739327347979,319.92582906839345,24.47461818635429,1
account_97,62.58420001582308,359.2166260009256,5.7397334456636875,0
account_98,377.62619133037816,26.998595340795934,0.07149555820182865,0
account_99,234.62918747344895,7.784894456788227,0.03317956534145684,0
account_100,28.253622722072876,104.83999375359758,3.710674372093612,1
account_101,286.6018058076475,146.424349774768,0.510898210714836,0
account_102,13.898936684712002,75.38730994599574,5.423962397707536,1
account_103,1.8127876671543943,409.35131665636237,225.81316282835132,1
account_104,1.6930367174521685,165.21506163930601,97.58504345253436,1
account_105,141.09321157383303,54.768433236122036,0.388171993713972,0
account_106,9.942444608127078,222.3667028974085,22.36539519824362,1
account_107,177.49871565224262,37.91151097355419,0.21358752278428217,0
account_108,7.854494482139354,70.95983883963174,9.034297369613045,1
account_109,1267.1656947901508,350.9042871201904,0.27692060206720004,0
account_110,365.1696700956783,120.68626333420971,0.3304936669646979,0
account_111,393.6628812116105,60.81620289523006,0.1544880297274936,0
account_112,547.5315562194127,33.1172005531166,0.06048455139605784,0
account_113,973.7083820688597,5.786674154582667,0.00594292322131149,0
account_114,920.4394463909781,94.25397625891,0.10240106139353075,0
account_115,134.8794782313879,42.049066207859354,0.31175288308665833,0
account_116,329.0098818543868,72.30749700078633,0.2197730250326894,0
account_117,1.2423699493441265,713.105919156159,573.9883836796139,1
account_118,367.3898752894381,8.307195382984446,0.02261138899497393,0
account_119,1014.2650031173408,85.72326375919161,0.08451761965139425,0
account_120,348.1368711100767,145.3919082257156,0.41762858315499835,0
account_121,803.403007376628,104.60661964280918,0.13020441631701604,0
account_122,386.55073864022046,14.074359184092334,0.03641012104543396,0
account_123,112.26726147400306,239.49909692593022,2.133294192638602,0
account_124,441.80834947616194,35.80563542633727,0.08104336522564788,0
account_125,545.5396823714652,64.2754388673347,0.1178199147455761,0
account_126,379.9378276517795,4.11698176479273,0.010835935421955468,0
account_127,260.7381519545763,16.011984972110678,0.061410211171935264,0
account_128,115.62184939301899,13.96680463332854,0.12079727756172551,0
account_129,564.9448209573766,55.42650325196402,0.09810958733639898,0
account_130,37.75004131470351,3.503803368193404,0.09281588168298732,0
account_131,649.1812482677865,216.4902517156557,0.3334819856447143,0
account_132,12.594649482895756,538.8981447279089,42.787863644777325,1
account_133,675.8332501891415,14.351899382185628,0.021235858665090902,0
account_134,538.0814233846318,283.59016316428006,0.5270394978151177,0
account_135,194.8412783610883,278.35473092118787,1.4286229964336858,0
account_136,177.35977295695568,120.6671168310167,0.6803522288016347,0
account_137,997.5326859321187,22.916465314160707,0.022973147283637134,0
account_138,519.6464500422622,6.5920335407156765,0.012685612574048287,0
account_139,151.30861680296675,36.311049971058566,0.23998005360357377,0
account_140,405.7296129415273,126.4700490305277,0.31171017593126543,0
account_141,202.83943587699903,161.86813438862043,0.7980111642924139,0
account_142,773.3736390854438,19.925314004922974,0.02576414943297749,0
account_143,120.11407075548155,39.485238329166876,0.32873116430753324,0
account_144,212.6720309601485,93.70328110715549,0.4405999260180764,0
account_145,525.0241645168101,25.919990441900527,0.04936913802006656,0
account_146,6.348611324081104,178.60821076543124,28.133429760922233,1
account_147,189.93961716516486,51.07973213224562,0.2689261613485746,0
account_148,14.131092024333428,481.426013007785,34.0685639990724,1
account_149,362.451389903963,109.28465572219721,0.30151534458497686,0
account_150,470.7879203734424,52.88734156216517,0.11233793237560859,0
account_151,32.69377717609166,117.67471883030112,3.5993002031088173,0
account_152,44.29253406035534,45.92617027101013,1.0368828798196263,0
account_153,229.28924005400782,69.70455797169078,0.3040027432393786,0
account_154,491.0804706489674,87.2441638342799,0.17765757151569464,0
account_155,759.1959641175906,61.04398508926483,0.08040609799634002,0
account_156,208.06280864778867,340.2382283935487,1.635266920622552,0
account_157,61.71524887736021,198.747967623259,3.2204029188670784,0
account_158,55.999572001339885,79.78795716699965,1.424795838887672,0
account_159,797.1140330904605,22.81493137755422,0.028621916602194694,0
account_160,327.7455840759297,5.6158058940763915,0.017134650066788888,0
account_161,292.3260163476496,34.372607815508744,0.11758312942844955,0
account_162,742.0884272872385,36.37040537571317,0.04901087800097893,0
account_163,80.44121313429305,35.36216078176968,0.439602529647758,0
account_164,262.8523354091005,25.809945650484007,0.0981918064768711,0
account_165,177.66430249011512,281.2151058557807,1.5828452982074264,0
account_166,1648.1333729759451,66.40359653935747,0.04029018380924845,0
account_167,839.4581162586454,61.68444544634482,0.07348126636890985,0
account_168,1532.8148832909974,5.147789070858623,0.003358389279079919,0
account_169,20.118973408148094,116.20840232600429,5.776060237692864,1
account_170,44.657489989300046,2.2088885018728623,0.04946288970567116,0
account_171,82.69541106044707,63.058676953870496,0.7625414293881083,0
account_172,234.11950216253257,2.748081466030522,0.011737943403462067,0
account_173,33.85764079910058,143.5022083624277,4.238399515604756,0
account_174,236.99649645692932,76.68851632250164,0.3235850211669212,0
account_175,209.94493288477523,218.41314855133032,1.0403354134353067,0
account_176,179.356762090226,95.46931403682532,0.53228722978841,0
account_177,1224.1740592044357,71.12277339379047,0.05809857908605874,0
account_178,149.24267460369032,319.1063040942742,2.138170633444167,0
account_179,346.4896307228353,33.20523930620524,0.09583328435235873,0
account_180,219.4864943840859,671.9564161523772,3.0614932278088185,0
account_181,13.960520789228656,67.23626970123479,4.816172026555874,1
account_182,241.34899356510203,71.428937261925,0.295957054582279,0
account_183,168.870055243525,9.098327664737925,0.05387768513261491,0
account_184,1270.2538752535656,289.51158634953237,0.2279163181389552,0
account_185,338.7746492416673,240.34600295975957,0.7094568719878064,0
account_186,25.965031493002858,642.728743656527,24.753628503386626,1
account_187,3.6411746458329395,697.5419284563654,191.57057716378742,1
account_188,35.21890530897083,29.791020022182575,0.8458814878210968,0
account_189,460.9229670550495,132.11074682337153,0.2866221825904221,0
account_190,153.73174616961785,77.26669123908864,0.5026072568891365,0
account_191,219.90181001882914,18.532032120778897,0.08427412270591174,0
account_192,730.6112058990685,68.9818782416101,0.0944166715274002,0
account_193,124.1021108242166,78.47956275601018,0.6323789517744135,0
account_194,294.24205506186183,463.41017552303373,1.5749284221985391,0
account_195,199.20751423239483,147.90766602183064,0.742480355682176,0
account_196,207.15129954220717,42.61152885537697,0.2057024452636603,0
account_197,585.6215248699757,66.19839033874896,0.11303954436006575,0
account_198,343.5990803102801,41.86558770205241,0.12184429499708366,0
account_199,129.34896333788765,25.40964112951039,0.19644255720190718,0
account_200,140.32248424517266,0.9128573888656557,0.0065054249415275696,0
account_201,291.1884052315433,58.97205998370383,0.2025220061108244,0
account_202,339.06840964686427,199.0929528330529,0.5871763548848619,0
account_203,337.37611279846203,202.4799025357708,0.6001607548804915,0
account_204,492.05294751923236,46.5284490417675,0.09455984213964878,0
account_205,10.184580056956587,150.33333599369644,14.760877243142794,1
account_206,132.09330648588644,340.3226264506965,2.5763805563233317,0
account_207,133.85317209695086,42.779040654551586,0.3195967640091966,0
account_208,1270.950687294737,58.59786853873907,0.046105540619728276,0
account_209,302.56240576055467,116.40126414462554,0.3847182000421577,0
account_210,516.7640409092787,5.303940438718154,0.010263756799690509,0
account_211,8.323435537093747,137.228123073308,16.486956913613977,1
account_212,276.5013227211162,38.67418606498844,0.1398698049050415,0
account_213,165.1577506666474,368.50576788188863,2.2312350852106038,0
account_214,244.71846967386483,85.93080041840838,0.3511414587257266,0
account_215,130.93929405397282,114.344892650929,0.8732664512747133,0
account_216,371.191596054163,9.274963440079736,0.02498699738537821,0
account_217,54.17796303949605,90.66935563182682,1.6735467807405076,0
account_218,116.4870410581038,184.27707457617942,1.5819534336378405,0
account_219,28.8505059810126,173.35913563939877,6.008876785505659,1
account_220,82.41919016107471,306.4164607508018,3.717780533295236,0
account_221,4.330164517734614,135.4876561814765,31.289262942914405,1
account_222,317.2625848266782,13.42670830781798,0.04232049081726118,0
account_223,129.57046207634053,24.021704555933255,0.1853949130919986,0
account_224,474.3882625067306,24.52012078556946,0.05168787409705688,0
account_225,210.96752280911033,374.89067553667564,1.7770065768648562,0
account_226,617.6960129642376,27.662202201299042,0.04478287316207848,0
account_227,6.716801117978933,112.06586582047245,16.684410309619643,1
account_228,578.9063512985532,195.4205028797643,0.337568420939611,0
account_229,192.70980785308362,116.23010700110075,0.6031353997805405,0
account_230,52.93631234321761,120.92040152918221,2.284261902211535,0
account_231,8.893723839102236,129.9103063543024,14.606964271044424,1
account_232,560.5215662427635,36.254159911575115,0.06467933099272283,0
account_233,157.02808309705648,59.11798632695978,0.37648034135664715,0
account_234,460.9364198033931,437.15593928639896,0.9484083281439609,0
account_235,426.2623955318534,94.07932524898305,0.2207075412589445,0
account_236,92.06166329930764,139.35130073144774,1.5136735068363223,0
account_237,147.20984427851192,64.32812412387727,0.43698248876734386,0
account_238,346.0415087269315,219.8230580519771,0.6352505480070717,0
account_239,394.60518940150075,73.13639198622728,0.18534067455411202,0
account_240,4.976261256458832,185.45544716066274,37.268028667095166,1
account_241,103.22045410159694,70.14472145775824,0.6795622250287409,0
account_242,138.97115807034749,62.35939120134726,0.4487218216155384,0
account_243,989.060822023067,202.2699065275232,0.2045070454957378,0
account_244,70.98538030508396,149.5561406091004,2.1068583413420017,0
account_245,562.9014026349738,12.099982699549116,0.02149574089335788,0
account_246,686.169992981906,86.12189130065929,0.125511013570263,0
account_247,253.80344699763967,75.22759764356404,0.2964010084711877,0
account_248,16.281623405321625,66.99118099668473,4.1145271161835595,1
account_249,156.37646587736631,78.8398852541655,0.5041672019624319,0
account_250,459.42190867253447,158.48015791272337,0.34495559511003737,0
account_251,70.20998954559022,15.725689570984791,0.22398079921053765,0
account_252,304.1797335191428,62.972364830558504,0.2070235386888308,0
account_253,16.728315644622114,454.99005293933624,27.198796496024286,1
account_254,389.0307071322248,7.826290217339419,0.020117409946972125,0
account_255,1.7584926521793922,109.54088348821932,62.29248859951707,1
account_256,139.92705516522955,48.62274151745636,0.3474863489411776,0
account_257,374.03924022947746,180.16509430520838,0.48167431362194774,0
account_258,73.56285402234958,133.15047302673324,1.8100232079940777,0
account_259,401.99928030336025,41.69740430229774,0.10372507202209834,0
account_260,141.65931919724093,32.729711615012036,0.23104524150254074,0
account_261,39.10790386809972,119.29965572421173,3.050525441777112,0
account_262,690.722970238564,366.6699679510804,0.5308495355590083,0
account_263,54.63924868091401,172.5069454698212,3.157198344311778,0
account_264,410.42377259993367,13.736722760166387,0.03346960794485082,0
account_265,1506.26421710382,242.83588771318344,0.16121732492596672,0
account_266,44.88024754570125,44.98771171513196,1.0023944647212848,0
account_267,471.27855263527795,61.49714248845542,0.13049000881660744,0
account_268,9.350287870986804,176.60804525936896,18.887979460757524,1
account_269,404.005558169418,37.346208665024314,0.09243983878400837,0
account_270,54.94339138546647,359.6053654181279,6.545015812643304,0
account_271,267.18926911657184,43.89453292684804,0.16428254425029817,0
account_272,426.16971463720614,125.63976528167406,0.2948115761548891,0
account_273,168.44917277258045,13.381855510453027,0.07944150327481618,0
account_274,44.82290227133967,91.051329227412,2.031357288651774,0
account_275,838.427059904179,59.60890027945429,0.07109610737786395,0
account_276,59.233819870582366,111.09835747623669,1.875589953829942,0
account_277,132.41197475496983,54.69725938757088,0.41308393360033263,0
account_278,795.2410476339429,27.862980845511032,0.035037151224035695,0
account_279,108.0383657338461,10.745021326639204,0.09945560777094409,0
account_280,656.9319855556752,142.72617903951584,0.21726172903392563,0
account_281,28.842434093819545,165.26637180838028,5.729973110826805,1
account_282,318.60837808059364,9.579886618797854,0.030067905547589122,0
account_283,348.7600634473914,20.652011060546265,0.05921552730667372,0
account_284,104.33067703949862,5.8691528220319515,0.05625529315610542,0
account_285,699.6873798681578,1.765311741583213,0.00252300068913041,0
account_286,13.756501250692839,392.40011956330187,28.524703513805072,1
account_287,187.0192986743755,90.71984360990504,0.48508279227300427,0
account_288,39.84360335546111,132.88881574772896,3.3352609843586025,0
account_289,347.29529840058615,135.35721366789988,0.3897467494989602,0
account_290,114.1409677375412,43.46072147068758,0.38076356221740054,0
account_291,80.77067088229448,112.76161011866512,1.3960712333687362,0
account_292,1230.717102065843,98.97949720207693,0.08042424781124197,0
account_293,70.75534074697721,167.5850035864825,2.3685138367967227,0
account_294,381.5245931692367,152.07957726536276,0.39861015512020553,0
account_295,686.4641315903069,5.78557332799298,0.008428078120541782,0
account_296,724.5297581110269,33.70614696265288,0.04652141141936057,0
account_297,167.64658219675522,316.93970046019155,1.8905228863432557,0
account_298,14.005111904994918,86.42516648172798,6.170972932455077,1
account_299,100.60983646212732,26.838056664156728,0.26675380467653786,0
account_300,929.0549112961778,23.789478290788644,0.025606105733404473,0
account_301,549.3447091050757,69.4387013503127,0.12640278535390578,0
account_302,87.86854766766126,103.82546945654538,1.1815999263950145,0
account_303,92.23402290008306,115.02090453818121,1.2470550554081667,0
account_304,543.1144686242112,37.02851098406572,0.06817809711065953,0
account_305,219.7952262176197,414.0773745591833,1.8839234212903442,0
account_306,157.49386978306123,43.780475595945624,0.27798209324750683,0
account_307,136.13611269920028,246.85209167173446,1.8132741326114314,0
account_308,855.4818595402339,10.922917109409774,0.012768145797130209,0
account_309,896.8750300152294,18.48240114011489,0.020607554588515025,0
account_310,250.1290414400561,291.35093309244206,1.1648025012012244,0
account_311,161.01473313332107,20.862757587292684,0.1295704882485394,0
account_312,65.63568853630214,15.533066980890384,0.23665580916850246,0
account_313,9.247227591876868,367.51412698893995,39.74316878626183,1
account_314,80.96511394666877,103.12217588937725,1.2736618385704144,0
account_315,67.48861056328978,18.25398744702175,0.2704750815680735,0
account_316,658.8970592776371,43.70557219201942,0.06633141182923895,0
account_317,311.27769054476926,113.04877464462069,0.36317660429429827,0
account_318,391.6553344408644,30.938436417915728,0.07899403811793884,0
account_319,10.120149886210985,493.23356709130985,48.737772922054816,1
account_320,681.9343992922722,478.24257519575656,0.7013029049305741,0
account_321,459.58083906297514,112.1758836160869,0.24408302975554588,0
account_322,1577.8109855649182,116.05258156366965,0.0735529050218384,0
account_323,614.8187126327032,11.32013237341953,0.018412146769160313,0
account_324,909.6964074261147,48.26162668403627,0.053052453862698225,0
account_325,235.26481519479566,57.583546482513206,0.2447605539095802,0
account_326,554.1507227557091,275.16348232681753,0.49654989342695516,0
account_327,100.11898876717198,207.73928389576506,2.0749239125743215,0
account_328,136.3874434387129,6.9655176035248445,0.051071546088880766,0
account_329,917.9674724462724,100.28804020557985,0.10925010222674267,0
account_330,138.50147091940045,127.07829011384241,0.9175230361834522,0
account_331,8.05776872056985,247.10316278308412,30.666450149193267,1
account_332,662.0433955481004,26.792035947221265,0.040468700582747076,0
account_333,219.62672004544496,90.64483164417831,0.4127222390127311,0
account_334,1.255861819793977,530.6235173110972,422.51743698852596,1
account_335,655.2470466129522,733.9000566875333,1.1200356575144406,0
account_336,142.4627443050528,108.72563747276574,0.7631864597522674,0
account_337,933.2767340869684,69.89148216013417,0.07488827226418489,0
account_338,83.24926670350436,379.1496368180414,4.554390108544718,0
account_339,95.26291446367844,35.58511759046725,0.37354638781322436,0
account_340,5.755995886046184,388.5158550634382,67.49759081747906,1
account_341,63.78098895089102,41.889314923164925,0.6567680371876663,0
account_342,392.59008415165664,53.8129927297913,0.13707170634753849,0
account_343,1592.7134609986388,171.95263050378625,0.10796206267759623,0
account_344,56.515265104435485,5.829199921078438,0.10314381274345195,0
account_345,347.3062548671771,264.17488453732034,0.7606395820263897,0
account_346,705.6742352687982,59.03859558815344,0.08366267696547695,0
account_347,510.44714586342684,19.111656684213845,0.03744100998328881,0
account_348,400.17759015283997,7.332001456471235,0.018321869182307087,0
account_349,309.329649533017,557.9220612486673,1.803648832534937,0
account_350,647.9917315104076,56.57523269022081,0.08730857191394908,0
account_351,360.28592246472425,217.67936901048702,0.6041850525863943,0
account_352,368.39518660232,99.43027627774298,0.2699011276308484,0
account_353,86.8850698061618,9.822978531124464,0.11305715185634609,0
account_354,32.016758066549,103.96185919497512,3.2471076234165666,1
account_355,516.1582012327509,38.56861768094852,0.07472247382456448,0
account_356,94.73173809796916,321.2538981685402,3.391196072390307,0
account_357,757.6474649469329,52.217941577306746,0.06892115923725052,0
account_358,86.69918578314727,0.8656361011053939,0.009984362520664614,0
account_359,14.25015751695359,171.53886875024784,12.037682288505646,1
account_360,32.73426208197919,54.93700397326482,1.6782722590685388,0
account_361,243.39370347638436,131.758656716264,0.541339627255592,0
account_362,642.2533114937262,88.77791779354787,0.13822882063009043,0
account_363,128.5978025796341,98.89433220666194,0.7690203893291387,0
account_364,226.08425596937386,29.88110088127895,0.13216798645778655,0
account_365,433.853440201432,59.43621129648129,0.13699605855121466,0
account_366,113.3945944482101,98.5647857367232,0.8692194386897338,0
account_367,2014.3120017471565,65.42794436606218,0.032481534295239194,0
account_368,334.54479432435795,248.59792622560963,0.7430930937893521,0
account_369,248.9612322004094,126.83309540791225,0.5094491792433524,0
account_370,277.46876972102257,21.358410474777546,0.07697590794182743,0
account_371,132.97465378905184,246.32486841282005,1.8524197010024526,0
account_372,1140.3554599236516,76.15444225294775,0.06678131944757505,0
account_373,315.7736760337075,13.855038611763797,0.04387648389755209,0
account_374,68.11045347963571,97.5388200245351,1.432068280879941,0
account_375,579.3287243777627,24.906472205362647,0.042991951127770926,0
account_376,220.32393102993274,261.1632224472996,1.1853602158715046,0
account_377,228.14867274884648,72.83022826106168,0.3192226690761229,0
account_378,63.57735734174277,269.5669010609563,4.23998279154594,1
account_379,351.7207076560202,11.595237416773536,0.03296717299941742,0
account_380,100.12062663733352,104.42102379321902,1.0429521598128106,0
account_381,491.4673230366313,149.9782784420787,0.305164293559554,0
account_382,377.9226303401778,222.9976974613263,0.5900617733862626,0
account_383,7.027657323377786,107.08026297312973,15.236978419098909,1
account_384,210.05320813387593,131.9057106991787,0.6279633235361468,0
account_385,117.00150500470929,27.31188727828521,0.23343193130025047,0
account_386,223.28400194309646,26.699756700097925,0.11957756251118391,0
account_387,32.72827636399931,723.9969102812328,22.121449422787816,1
account_388,180.83832875433964,0.7117079205984536,0.003935603284441294,0
account_389,667.1024482809524,15.85366345000549,0.023764960675618247,0
account_390,599.7811531839933,95.78701703549252,0.15970327931612782,0
account_391,15.614637941303078,123.89927852241152,7.934815971280333,1
account_392,566.005750255393,166.5665426785749,0.29428418810836604,0
account_393,1103.228889450597,52.16552496383981,0.047284408034146026,0
account_394,271.41489908075914,227.82079108498857,0.8393820378195259,0
account_395,63.38875030206161,275.661035986097,4.348737507404868,0
account_396,601.9217136651858,22.42833752737028,0.03726122021882378,0
account_397,722.7719252068805,34.129431239945184,0.04722019498775668,0
account_398,48.6683231806336,16.241217431059464,0.33371228695880506,0
account_399,342.99935833678984,103.60603487607946,0.3020589757907042,0
account_400,49.42131231718726,59.12254299657691,1.1962965009331785,1
account_401,35.15148157298133,83.66906605206098,2.3802429459010903,0
account_402,430.2064812915719,172.96722101825023,0.40205628817809913,0
account_403,12.713792473299995,173.07543316310426,13.613202632226132,1
account_404,57.35795382971757,115.33917402336509,2.010866258684546,0
account_405,558.8132297535396,66.41528756009293,0.11885059984958642,0
account_406,411.3718388914001,18.920885439824715,0.04599460549077528,0
account_407,376.61531150377635,17.103020498506684,0.04541244069503316,0
account_408,296.6579314535223,7.569217450936599,0.025514967403197433,0
account_409,136.56408737052445,162.80778205245576,1.1921712742144803,0
account_410,1439.1661266600825,69.6893250375225,0.04842340557253989,0
account_411,541.1074292418558,14.21059421907458,0.026262057127888642,0
account_412,318.42431562397314,9.373186109627053,0.02943615060068414,0
account_413,730.5306214661258,193.90093682703647,0.2654247900490336,0
account_414,2.426547583817203,110.95085589260238,45.723750332587976,1
account_415,80.37053500181952,127.2954256690394,1.5838568906646888,0
account_416,15.638137273187965,138.0322120152546,8.826640257974637,1
account_417,127.15171313001325,101.94365611778085,0.801748192047896,0
account_418,486.46036839884954,206.89213499470281,0.4253011107064567,0
account_419,765.2453517268254,90.03564948429715,0.11765592470588146,0
account_420,233.60271444913138,17.537807086470178,0.07507535658490457,0
account_421,549.1801372886832,11.182192374809164,0.020361611091792107,0
account_422,645.1617949753025,275.14229703182406,0.4264702268093181,0
account_423,1125.486324994231,76.72006290284821,0.06816614400289712,0
account_424,718.1023887365886,67.92101743118283,0.0945840293759242,0
account_425,275.99447486699603,187.59131274448927,0.6796922758504171,0
account_426,218.59898730160162,40.54148991744415,0.18546055687581456,0
account_427,340.4101048921722,27.22513548749383,0.0799774598234022,0
account_428,273.2621660561498,40.653400180148076,0.14877068701780924,0
account_429,5.093777098422424,646.2916143129012,126.87866033891862,1
account_430,97.50900262891152,61.743282668775464,0.6332059707732927,0
account_431,43.06415936897139,39.02985302298053,0.9063187020225999,0
account_432,322.8468824305061,44.09248197386067,0.13657397476449762,0
account_433,1259.0701425303819,47.3768270190911,0.03762842546951103,0
account_434,131.83835179875103,61.205507791698146,0.4642466092501467,0
account_435,114.18978181191828,123.54501489768732,1.0819270598237767,0
account_436,9.143337587100245,349.10140420041023,38.180959728856045,1
account_437,332.7712372405682,22.938704243742595,0.06893235254932704,0
account_438,49.598759974120895,191.42162628048735,3.85940346856182,0
account_439,787.2426341949667,43.4681646737881,0.05521571468018699,0
account_440,170.3512093831741,236.35212702069532,1.3874402645951525,0
account_441,101.77631231085071,67.93036956154765,0.6674477392546022,0
account_442,4.271970463203171,625.6481039281431,146.4542204393017,1
account_443,202.28751493777744,256.7671331856038,1.2693177493657184,0
account_444,144.74067751167257,121.20006785882092,0.8373600976756984,0
account_445,1680.2810867059463,30.79491184502587,0.018327238274994082,0
account_446,49.500429807489795,12.06389033008978,0.24371284000981383,0
account_447,113.87805154048282,374.1743026766868,3.2857455639172977,1
account_448,290.1687201291315,35.677078125303815,0.12295287413966167,0
account_449,152.28154409390146,47.155879297284145,0.30966247142993497,0
account_450,313.1647436217352,8.06501542336196,0.02575326752970479,0
account_451,2.619327842619157,155.6956753967973,59.44107983104237,1
account_452,400.27856558195896,161.86093410817165,0.4043707258539924,0
account_453,193.84621947312152,11.473809550171604,0.05919026732302379,0
account_454,587.9374153371153,18.40647924639988,0.0313068683268709,0
account_455,273.8967670093488,98.10734233162786,0.35819094691351067,0
account_456,346.439133245808,77.70012201607432,0.2242821741530682,0
account_457,1.9745988506091825,91.4901636066848,46.3335444454752,1
account_458,21.400799083205268,306.98618350002744,14.344613128999532,1
account_459,690.0550753073059,16.81654704781473,0.02436986213067954,0
account_460,134.50638666902782,46.57042425851867,0.34623206683197766,0
account_461,275.02072554318175,52.32489435508994,0.19025800419857544,0
account_462,51.00615038601657,15.336259623197112,0.30067471289504677,0
account_463,15.746124390149923,61.21024062183035,3.887321038827863,1
account_464,291.8196553462805,74.86760102428195,0.256554346674977,0
account_465,98.36830626057633,22.026058993695663,0.22391418365330928,0
account_466,358.5593244963548,23.58714281037408,0.06578309696311878,0
account_467,53.6569258192382,54.44540297120033,1.0146947880431763,1
account_468,596.2372085475978,35.2703005177472,0.059154812903515,0
account_469,87.44710902176462,119.54479683386386,1.3670525895156864,0
account_470,587.2406103318276,277.22875259896006,0.4720871610740758,0
account_471,91.84081678292023,27.89768950487199,0.3037613392617406,0
account_472,115.71818193023638,7.528654619647609,0.06506025668625219,0
account_473,217.99146360103524,252.62294265025247,1.1588662164890973,0
account_474,64.59148823743789,295.3757035544998,4.572981852789963,0
account_475,180.12480605877903,51.46000942652068,0.28569085265095606,0
account_476,11.293032960152251,76.32230245787734,6.7583529355827165,1
account_477,187.6345554067087,148.21010312317478,0.7898870376084024,0
account_478,90.78789118474168,45.657608339984016,0.5029041620437759,0
account_479,89.92557354357784,160.17351800499128,1.7811787202821827,0
account_480,107.08525649182252,45.68456303954297,0.4266186077915557,0
account_481,15.841254212693537,75.87871863837208,4.789943878153963,1
account_482,583.7900041671901,49.46874631923914,0.08473722736964148,0
account_483,914.3829312965354,80.7658953525891,0.08832830599546333,0
account_484,203.72051733305062,185.24326067859863,0.9093009535988729,0
account_485,413.9412876435868,201.60648378543686,0.48704125392542336,0
account_486,950.9457887260695,9.965371187533156,0.010479431430979071,0
account_487,522.3978727027146,141.43928320876785,0.2707501132747872,0
account_488,96.60022486721432,159.6623143161346,1.6528151413271013,0
account_489,62.876741766856384,62.326637612765786,0.9912510709265064,0
account_490,180.2705269156721,1.8246552658334125,0.010121761427407151,0
account_491,321.3554921515207,96.64861891767073,0.30075297070728274,0
account_492,690.5283564695932,24.26614259328374,0.03514141362325397,0
account_493,726.208543777865,17.032913210886143,0.023454575626827418,0
account_494,704.7289904297297,69.49019310135928,0.09860555482325985,0
account_495,67.39425359760334,36.106422156098716,0.5357492698366011,0
account_496,187.23962130598562,263.62769262526496,1.4079695888427723,0
account_497,12.958022646794287,228.74264035996057,17.652588407580048,1
account_498,137.77198787188323,45.34477217780776,0.32912911309644977,0
account_499,109.14729701993505,175.3700086927875,1.606727912471871,0
account_500,554.2395639689688,125.0391564420102,0.22560489104493267,0
account_501,337.0426709078788,202.2858225481982,0.6001786717489175,0
account_502,1270.6069229426696,60.18725875234385,0.04736890510005472,0
account_503,210.0800489105031,303.03735413150065,1.4424851655503879,0
account_504,769.3795029609726,213.0740576562935,0.27694272701088823,0
account_505,61.729021323281984,128.9377869067298,2.088770956394526,0
account_506,587.5396824636072,58.457056895608595,0.09949465311090623,0
account_507,579.204514464194,48.18549087530512,0.08319253333147823,0
account_508,202.24722140140645,45.782294040562824,0.22636797540816275,0
account_509,633.8678161597267,44.90539141026324,0.07084346336168558,0
account_510,435.46721180319446,31.394315773425763,0.07209340892377943,0
account_511,1018.8754555108187,128.5669505009907,0.1261851483472364,0
account_512,410.81512862699685,2.973724455794852,0.00723859529159373,0
account_513,290.0070529601643,78.91068667626502,0.2720991985222659,0
account_514,61.019509066026146,21.4852062921371,0.3521038864617714,0
account_515,221.7823280936766,62.86395770831904,0.28344890347515206,0
account_516,1.5743503765529892,302.58994852186584,192.19987686882058,1
account_517,289.4100698922371,27.855654425901072,0.09624977609201098,0
account_518,97.23563839740389,21.064047117925078,0.2166288766659393,0
account_519,153.10149038626122,28.43050891945535,0.18569714016321948,0
account_520,414.1998762911054,174.0213504623909,0.4201385862802293,0
account_521,57.701130952582275,31.974584480500134,0.5541413825454523,0
account_522,361.04793492760194,123.69681625845128,0.3426049681831173,0
account_523,11.953571294555369,57.65019746449401,4.822842985071132,1
account_524,955.425010520981,345.5203737297697,0.36164049498909584,0
account_525,253.6965347240963,290.07329465774734,1.1433869010990316,0
account_526,54.491877072842115,62.684567252399994,1.1503469988491364,0
account_527,261.5958345529429,60.782410996951384,0.23235236562855122,0
account_528,191.0575941992514,17.945022237007116,0.093924673929959,0
account_529,677.2001120702633,109.06805127395165,0.16105734380421252,0
account_530,1030.6281772274615,243.278001496574,0.23604827315223123,0
account_531,44.678656153585585,135.21198523233414,3.0263216683942944,0
account_532,1284.7955375226622,220.57886916943295,0.1716840249887171,0
account_533,305.6238919344575,2.823596038323611,0.009238793539508832,0
account_534,254.64763444129014,99.02169130855343,0.3888576916326439,0
account_535,525.4012919818972,32.81804122525437,0.06246281028632324,0
account_536,63.67901344138763,53.38648733691773,0.8383686312297615,0
account_537,461.5081450670857,467.16024641845877,1.012247024048842,0
account_538,281.67929694407366,39.977693713109666,0.1419262762539736,0
account_539,739.7651180814854,115.26749147124843,0.15581633771836167,0
account_540,113.05286509831885,206.64156903706217,1.8278313323359996,0
account_541,33.91932238357438,129.81922050856397,3.827294043215605,1
account_542,291.931810719777,282.49805182559135,0.9676850601826293,0
account_543,7.5133163377177175,438.38440659122006,58.347657264273515,1
account_544,111.06293331128965,55.302735672140955,0.4979405281610672,0
account_545,931.5545761540408,143.52089111459304,0.15406600406293383,0
account_546,1655.7888556667915,62.60074167319419,0.03780720075446134,0
account_547,5.562748498889051,164.5652000441409,29.58343345506391,1
account_548,1106.0869340115937,145.60685283865175,0.13164141837437665,0
account_549,356.1502482396793,127.81546765266114,0.35888074846053414,0
account_550,808.9045827919338,72.40028091621411,0.08950410525098594,0
account_551,331.4414226682203,80.4534465307152,0.24273805574160462,0
account_552,3.022486287738214,200.80615356555208,66.43740763364035,1
account_553,37.760385887004524,128.31574498797454,3.3981576716919943,0
account_554,14.568280058345433,204.9555404170977,14.068616171315913,1
account_555,271.6525057484919,6.5714077302693426,0.024190491864461018,0
account_556,701.401478835115,576.0125639712095,0.8212308946480253,0
account_557,170.92719515912404,237.14347277969924,1.3873946305556082,0
account_558,378.80372022253306,52.03953077789556,0.13737861588931669,0
account_559,7.3993002251518565,111.63914861660113,15.08779819976962,1
account_560,1114.7180128537327,31.203923073071348,0.027992660666878232,0
account_561,50.7871816710329,77.24523487022353,1.5209592721755874,0
account_562,41.77900791318886,340.78729810315525,8.156902595946395,1
account_563,663.8891914914336,104.27608159525663,0.1570685031955399,0
account_564,486.84000188957174,258.57256216489145,0.5311243142742872,0
account_565,75.44360555701637,75.11528927398088,0.9956481893911159,0
account_566,357.65989570897796,65.87323443241401,0.1841784198416643,0
account_567,33.68569429553089,21.671487418012994,0.6433439438084603,0
account_568,1127.1369156014941,48.38738420213381,0.04292946449749806,0
account_569,487.7831140634876,92.58178644358017,0.18980113040881147,0
account_570,223.0913588874542,24.551672317395816,0.1100520990137575,0
account_571,81.09690024267668,46.495524909413156,0.573332948241901,0
account_572,4.761180483564084,353.254313418637,74.19469071548426,1
account_573,60.45944239376567,64.33159962391616,1.0640455332838097,0
account_574,2.3286351613873473,379.6626413957459,163.04084370586915,1
account_575,930.3595666693711,192.76852867320713,0.20719787873338733,0
account_576,49.61946309268213,152.71605556957812,3.0777450228416647,0
account_577,615.7735860599677,71.0250685793965,0.11534283085094797,0
account_578,711.2583769639441,129.88800343725944,0.18261718616474568,0
account_579,91.77209996098671,25.575014403376578,0.2786796250085678,0
account_580,604.0776972360844,20.691014942823468,0.03425224112311011,0
account_581,99.15508676850693,55.02607002294832,0.554949542340831,1
account_582,195.96847484257353,184.27294038461076,0.9403193066264455,0
account_583,876.4466428160654,260.63015168590937,0.2973713845813729,0
account_584,2.1761085466726353,107.63209859422062,49.460813321465416,1
account_585,829.9667374772478,61.607864759749766,0.07422931784834166,0
account_586,106.23780937978742,163.45856522227817,1.5386100878448408,0
account_587,144.16955972136367,68.28522587890998,0.4736452411374825,0
account_588,13.285304952376315,189.745923419555,14.282391266119603,1
account_589,242.98296957740877,40.662275605389716,0.16734619580997281,0
account_590,351.5849709554216,0.8531871735415614,0.002426688408275959,0
account_591,485.63784458989284,45.615813985757796,0.09392969368826484,0
account_592,22.093326377838128,670.9985679201388,30.371097427557093,1
account_593,172.6636138310985,20.311164819812078,0.11763430852131178,0
account_594,91.40430426757074,44.03577526770249,0.4817691641609695,0
account_595,329.75412736671495,48.851399685243926,0.14814492262872261,0
account_596,331.41318842519115,0.5881992940075647,0.001774821626147618,0
account_597,32.962041661484335,66.21576315275125,2.0088489612621117,1
account_598,952.0651204662648,31.564762782648636,0.03315399556617524,0
account_599,337.13467115307617,213.4607331993112,0.6331616160071215,0
account_600,521.0692634471864,9.060301285840527,0.017387901995794548,0
account_601,222.77389497420168,63.62017884461855,0.28558184006248166,0
account_602,4.180497624150307,362.61929883147155,86.74070204864056,1
account_603,161.05412554291436,48.45392801568471,0.3008549321685877,0
account_604,534.5389251749059,31.78875625462011,0.05946948810924957,0
account_605,5.355248852939477,557.0458541719152,104.01866831382722,1
account_606,308.2960146327465,90.73151325819924,0.294299987517782,0
account_607,630.6512099552259,74.0839071582705,0.1174720764644695,0
account_608,3.0728211266152714,203.9448103888758,66.37054419549702,1
account_609,164.56757921661242,203.66975721761565,1.2376055975735958,0
account_610,133.94089491223278,3.70175202151218,0.02763720538031212,0
account_611,20.55656195131599,94.5461618109649,4.599317825367789,1
account_612,284.2412245067614,129.26880628254264,0.45478556640353784,0
account_613,8.822394907711205,182.74599189828143,20.713875745751587,1
account_614,652.5922179208809,18.835354677357124,0.028862364827710353,0
account_615,460.8867372100049,81.16397998589238,0.17610396098013487,0
account_616,223.83635243565485,14.896135134272795,0.06654922210883915,0
account_617,301.46905373253156,101.99160886323017,0.33831535144472524,0
account_618,896.4085890202748,88.52036528378233,0.09875001909623625,0
account_619,9.962210255600173,332.4094720340436,33.367040396199464,1
account_620,279.07572718172867,225.1393726698347,0.8067321903750817,0
account_621,222.9565194023013,228.86517205275507,1.0265013674697363,0
account_622,452.4685062160546,195.88574344478835,0.4329268020949341,0
account_623,31.036649319405598,127.31490477531831,4.10208278171687,1
account_624,129.86692969418948,54.12307227728146,0.4167579260149633,0
account_625,171.07159285605346,14.500090076607334,0.08476036163881571,0
account_626,339.9928288289481,58.31341790820541,0.17151367018256478,0
account_627,530.8539610372399,223.9703926322313,0.42190585183656487,0
account_628,177.265877129951,136.43065459790492,0.7696385610519367,0
account_629,80.9640877602883,42.4077810311421,0.5237850781040048,0
account_630,133.23108267328828,6.534248038480916,0.049044471510483176,0
account_631,744.373725324575,100.45300026367599,0.1349496856835922,0
account_632,325.77628777198,74.98860593177868,0.23018435885752778,0
account_633,126.91225865171354,199.8067933175704,1.5743695324649605,0
account_634,462.3791866473865,1.625606309609855,0.0035157428287306393,0
account_635,188.19715794262189,78.41324690863964,0.41665478780793547,0
account_636,24.419102997987515,99.12405461395605,4.059283202258711,1
account_637,623.3545478107059,82.52554862338086,0.13238942254166627,0
account_638,425.76810986258135,43.93266906460824,0.10318449890196735,0
account_639,157.433901620852,84.6794795032674,0.5378732193730481,0
account_640,203.86891832022616,36.06365057405852,0.17689626683265033,0
account_641,651.795031504714,265.8142991712515,0.4078188484462681,0
account_642,425.3429445935482,233.58691343916996,0.5491731234954005,0
account_643,4.961017989983452,296.81768994125616,59.82999669433697,1
account_644,739.9664875962626,53.63266568340011,0.07247985764547615,0
account_645,9.637970113535264,102.46384655012079,10.631268342098693,1
account_646,570.048099414863,7.853152661107236,0.013776298296877505,0
account_647,233.6838457621194,90.6498658841598,0.3879166982575152,0
account_648,7.172830477422865,68.79641460900021,9.591250598427381,1
account_649,630.943922637218,61.55062860514276,0.09755324743896983,0
account_650,1019.1056342788838,42.2504348539536,0.041458346841394794,0
account_651,332.2923903076262,287.8378135991311,0.86621849309477,0
account_652,5.079588595141884,607.5734181887273,119.61075327435181,1
account_653,73.86745224860024,84.44055506832913,1.1431361512800686,0
account_654,266.66009190398734,521.4759003183524,1.9555828417928887,0
account_655,58.09110843719309,493.8146974289549,8.500693319750598,0
account_656,153.67608228109037,81.61720939335726,0.5310989724742621,0
account_657,63.005266504453076,0.1429364133545747,0.0022686423101546957,0
account_658,691.8061479271871,84.93687697106218,0.12277554518061586,0
account_659,153.391461434676,32.91363011789352,0.21457276572014586,0
account_660,95.40899692766784,33.573374378824994,0.3518889775591906,0
account_661,892.0849241216093,369.23723354350267,0.413903680646853,0
account_662,807.8643846318292,39.78766076631136,0.04925042064386082,0
account_663,31.606188725207808,252.1783317055842,7.978764345745271,1
account_664,235.06536671750067,33.863534728701275,0.1440600765717995,0
account_665,250.48471039655033,453.56390026795464,1.8107448536475665,0
account_666,7.577929463421334,181.51746554106265,23.953438260048138,1
account_667,168.59179167640772,130.65233793361259,0.7749626279812276,0
account_668,1049.1859824636122,163.52346904884286,0.15585746643780973,0
account_669,321.8978767125416,174.8057809145918,0.543047325132546,0
account_670,215.52710413146497,38.11330685435719,0.1768376511527257,0
account_671,152.7435567510705,325.9995839168159,2.1342935234126075,0
account_672,67.66440007863031,74.82734240583433,1.1058598364705847,0
account_673,2.7571645268117955,99.53576623794251,36.100771379442904,1
account_674,237.26110163088495,160.78984080932213,0.6776915377366336,0
account_675,232.82340279864889,40.60215742701892,0.1743903617031687,0
account_676,572.8274679427784,5.347715751459103,0.009335648254900556,0
account_677,24.811066037492427,179.69074633967722,7.242362987069699,1
account_678,128.0461184907259,269.56862472242824,2.1052463588886727,0
account_679,481.55369991876887,65.82149388799057,0.13668567783633206,0
account_680,1380.0287914720661,337.4665794221674,0.24453589773456422,0
account_681,638.2950124343998,21.970281016762694,0.03442026114691076,0
account_682,441.46411562082346,51.919571980383935,0.1176076834860526,0
account_683,64.02641971940557,71.64682977397193,1.1190197747736426,0
account_684,885.77598958248,17.023001116521343,0.019218178542574085,0
account_685,382.32522532211885,17.36332712183605,0.04541507065668241,0
account_686,928.688140370817,18.26618295215163,0.01966880178405003,0
account_687,62.58637607984004,240.1783125114236,3.8375494405529005,0
account_688,226.49494189246215,59.575075239862215,0.2630304886373487,0
account_689,57.170014878541096,25.71640118702838,0.449823237612644,0
account_690,902.5085394837636,152.00115877222132,0.16842074298728102,0
account_691,6.94030009883094,247.75010087266395,35.69731817711979,1
account_692,907.2278029888458,100.48199743274277,0.11075718480155329,0
account_693,36.954357851924044,682.9090558573223,18.479797662666364,1
account_694,12.400855181055846,122.29852958180841,9.862104491683576,1
account_695,102.27937509801329,86.29208373933092,0.8436899781274386,0
account_696,285.2486393047806,8.65546610033257,0.030343584184759013,0
account_697,181.7864805731966,193.74225975811322,1.0657682526622358,0
account_698,108.19500145496276,21.208693001607017,0.1960228542576003,0
account_699,142.6698618384496,145.77190191153025,1.021742784587492,0
account_700,171.67311296181398,62.63991754552214,0.3648790219086632,0
account_701,1009.7715867663406,23.177050094335733,0.022952765158066248,0
account_702,89.06159067953752,71.33194379604501,0.8009282481009402,0
account_703,873.2287513444224,265.9336865470766,0.30454069009711976,0
account_704,277.0167080384556,226.5638590303236,0.8178707365148239,0
account_705,31.33699937600502,38.57500790362184,1.2309732479734168,0
account_706,125.26367477664652,22.260821450245757,0.17771170684508725,0
account_707,16.46583517458815,110.90062881260434,6.735196097660332,1
account_708,4.939561081803653,373.8107522110254,75.67691663700016,1
account_709,270.8417994796995,53.79753144501063,0.1986308300578358,0
account_710,111.70511312889536,24.25293511346591,0.2171157114847617,0
account_711,99.22487023879482,47.70130953817323,0.48073944993200934,0
account_712,378.72677985985945,53.09374314943629,0.14019009474081187,0
account_713,48.13247083245058,23.6071986923534,0.49046305506588683,0
account_714,378.9211516786713,4.036117005221759,0.010651601229810534,0
account_715,412.30384626688993,119.75618862576378,0.29045615196188096,0
account_716,171.0692497250194,9.818644825913088,0.05739573208917325,0
account_717,80.30846465939709,294.9300288097285,3.672465039153479,0
account_718,169.29858396833126,145.37344578667663,0.858680813383944,0
account_719,165.45624236090003,167.11417478432216,1.0100203679218447,0
account_720,438.004329841156,4.8103043818748965,0.01098232153006198,0
account_721,555.9431974979735,14.676486962798696,0.026399256306849934,0
account_722,811.5654798539339,2.0326921004244554,0.002504655694313539,0
account_723,264.3384520404385,59.19853529807079,0.22394976909759085,0
account_724,26.671912641015094,139.20270945854548,5.219074887208675,1
account_725,442.8275219747332,121.27766999281808,0.2738711213160277,0
account_726,306.62533142805023,51.03583179277531,0.16644362536873733,0
account_727,405.0485445583409,35.403608062685876,0.08740583946867272,0
account_728,704.7667114027022,44.970168003408546,0.06380858697753204,0
account_729,262.29325400678493,22.180667008207905,0.084564382306356,0
account_730,52.84985299278018,53.33140363376775,1.0091116741810684,0
account_731,239.06627621489008,138.0997117326742,0.5776628720670756,0
account_732,568.409783709509,3.958624567642893,0.00696438499317947,0
account_733,310.75101821709694,273.0633910815736,0.8787208249493362,0
account_734,704.7203650596347,36.12686126399562,0.05126410851052744,0
account_735,262.2170647759258,17.12292050473263,0.06530055745748203,0
account_736,45.03449434001944,105.07497965013063,2.3332110461104216,1
account_737,61.77735810134111,263.8166253954023,4.270442011499277,0
account_738,431.3990691727163,242.56218872119706,0.5622686882156533,0
account_739,384.6188606672247,3.9572207838343934,0.010288681051598799,0
account_740,679.4489131464545,145.5723140479457,0.21425056576191437,0
account_741,202.61026591525436,76.2613950505277,0.3763945262399759,0
account_742,5.141132076655294,96.6973235291463,18.808566301618033,1
account_743,628.3853398121033,32.80511925163256,0.05220541787534665,0
account_744,286.1243924812415,200.72699991079946,0.7015375311769662,0
account_745,59.85401899403172,44.06852222652278,0.7362667197154635,0
account_746,322.0158477897965,169.71406351172692,0.5270363700314271,0
account_747,604.2936522804465,92.58439156811296,0.15321092852576498,0
account_748,44.92629615042803,415.549547189883,9.249583936287253,0
account_749,90.27748685201212,109.8738862867656,1.2170685086402215,0
account_750,351.6941629390919,88.37458773871455,0.25128249783895246,0
account_751,690.1435181011012,30.78399665631455,0.044605210146746475,0
account_752,311.6063408501569,108.9527839812185,0.3496488026654469,0
account_753,213.30604080679288,103.85909850842663,0.4869018154178743,0
account_754,1014.7058234147981,48.29815698637975,0.04759818646141357,0
account_755,37.501045881908475,22.96485919189662,0.6123791657494942,0
account_756,798.6191119168991,74.91994651056075,0.09381186274234393,0
account_757,271.3580675801047,67.42255230389046,0.24846341553485365,0
account_758,25.34212176047223,106.72882385169235,4.21151886414516,1
account_759,912.2582186915358,287.0159424084981,0.31462138298975145,0
account_760,442.59357395014973,150.74043853476806,0.3405843360747625,0
account_761,365.32060430551974,3.4899878772847934,0.009553219380875918,0
account_762,91.4048600749856,20.20218507039656,0.2210187188495594,0
account_763,236.7373929543322,97.59675556567069,0.41225745687119897,0
account_764,11.508371442380406,90.33149049121731,7.8491983808034815,1
account_765,400.28071076004625,81.3529418461669,0.20323972567075568,0
account_766,179.24295747777978,144.86234491547242,0.8081898834626771,0
account_767,271.6322382994712,104.44142797455358,0.3844957013512077,0
account_768,16.919497044494896,242.77352972805096,14.348743883438443,1
account_769,62.740376493772544,9.533917512903049,0.15195824516369236,0
account_770,456.6342319168431,13.593727159832373,0.02976940012308999,0
account_771,357.65050426154374,180.5280701015106,0.5047611228013074,0
account_772,5.050248092423917,490.99912127571406,97.22277248364924,1
account_773,4.373409413198912,688.954608814325,157.53261213895635,1
account_774,140.72868155669653,6.934053305263878,0.049272495333300616,0
account_775,5.2104991578496,476.5445319299957,91.45851817518921,1
account_776,495.0673010979181,250.4518128404936,0.5058944759329952,0
account_777,107.48923624069111,72.79828184071108,0.6772611322467708,0
account_778,625.516743847166,6.809667679278767,0.010886467462720054,0
account_779,339.6633276717904,238.01486201298152,0.7007375910859895,0
account_780,308.7312075624837,211.57959765551348,0.6853197618925264,0
account_781,270.0861322871598,7.306616789239413,0.027052913555261345,0
account_782,173.1938672102675,290.2650916547015,1.675954791761204,0
account_783,255.4956144235546,111.26232561581627,0.4354764596129944,0
account_784,273.2334667153003,134.14702971609447,0.4909611964037735,0
account_785,389.2304339534383,110.57985943710283,0.28409869781747576,0
account_786,1093.8439045507876,14.222516272016772,0.013002327126243465,0
account_787,142.28674165625213,271.1954970319167,1.905978686946763,0
account_788,541.6083693396663,24.725589777451578,0.04565215601745083,0
account_789,381.0737062349848,146.95612731873183,0.3856370169714963,0
account_790,50.19743828571635,491.8566048091783,9.798440350872163,1
account_791,661.5419449076409,73.04834303530147,0.11042133246063467,0
account_792,167.7913904870239,86.9809389630641,0.5183873779852295,0
account_793,223.16354374497791,99.21442077096243,0.44458166914727154,0
account_794,483.2388200415098,5.336501590154145,0.011043197211879095,0
account_795,253.72921638139556,30.437540971091547,0.11996072586823844,0
account_796,270.804991382131,217.88777692509962,0.8045929131994459,0
account_797,535.5972515795368,10.183200483296392,0.019012794507934805,0
account_798,1778.28843347855,147.1581274400505,0.08275267648915152,0
account_799,284.0525164533508,26.60833644975274,0.09367400360321243,0
account_800,582.7960520522987,147.50154837956146,0.2530929093636431,0
account_801,962.1784683568999,89.78816799690036,0.09331758187255061,0
account_802,284.4144368784499,92.90499188029526,0.3266535725118624,0
account_803,273.2069208322716,70.30617763122079,0.2573367373602643,0
account_804,641.455067122291,78.03629128454571,0.12165511706787778,0
account_805,560.3836036345944,269.47980753565093,0.4808845330017344,0
account_806,198.07429440350887,14.562349233817612,0.07351963200308965,0
account_807,73.6064917934576,271.7909926526325,3.6924867091246187,0
account_808,136.3524964007371,52.194812826937806,0.38279323228185247,0
account_809,607.8323114338896,60.93885925002235,0.10025603789681115,0
account_810,143.47702882329338,71.15421049175391,0.49592754377000375,0
account_811,375.23995813262576,83.41286713496942,0.22229207025305062,0
account_812,1043.1917977601624,243.33153963478318,0.2332567607962797,0
account_813,132.44123141275452,14.10628908770694,0.10650980013727401,0
account_814,852.9313459292305,357.74624027971737,0.41943146067632076,0
account_815,72.54211065920856,294.5571583456669,4.060498869814392,0
account_816,33.414174384011126,58.4102194254841,1.748067115296846,0
account_817,12.774921828183261,132.66539457854503,10.384830244977833,1
account_818,376.66637540157626,203.10407547770004,0.5392147766340019,0
account_819,237.7753537694842,171.1624878411772,0.7198495770386443,0
account_820,76.55963479926243,75.91437829608314,0.9915718445513602,0
account_821,47.59467659839035,110.42683393502854,2.320150946014899,0
account_822,94.90244301173843,167.35160468933532,1.7634067088097585,0
account_823,926.9416832010625,30.82727313203271,0.03325697149099506,0
account_824,171.12272232100142,80.37168256615597,0.46967276745042863,0
account_825,1.673094836714939,304.8598935065472,182.213157805883,1
account_826,138.07916414660474,21.123165057912463,0.15297865676160283,0
account_827,30.146593002991395,163.93362936898717,5.437882461634066,0
account_828,4.188426327393307,147.62908672005707,35.246910218887614,1
account_829,190.05154728924552,38.67103310628451,0.20347654969327786,0
account_830,404.50785088310954,2.3711872924350015,0.005861906727541371,0
account_831,789.0215668495814,35.87573769991073,0.04546864015790592,0
account_832,22.30613175113791,236.2878953474406,10.5929570390611,1
account_833,50.09879751444116,15.140330208952712,0.30220945332247656,0
account_834,115.03459366729787,70.13206520549275,0.6096606505024753,0
account_835,151.68627946749848,296.4721235860544,1.9545085068130958,0
account_836,497.73969677579754,8.120340296329898,0.01631443171788573,0
account_837,11.182196468170261,85.04059463363285,7.604999149826958,1
account_838,92.9965584530944,66.839180986861,0.7187274679694017,0
account_839,402.281134426714,13.815510425410576,0.03434292399791229,0
account_840,147.22955228250964,218.7040335273295,1.4854628716636447,0
account_841,37.75366477080696,407.94527373925837,10.805448324441931,1
account_842,598.4055959942259,3.1711083887815654,0.005299262590472439,0
account_843,302.94842306000345,36.13731433072074,0.11928536866344146,0
account_844,55.08022026702258,454.21497580122383,8.246426277876918,0
account_845,16.95912534870618,166.9432107857225,9.843857354262592,1
account_846,133.06233679204365,75.94725215107503,0.5707644550822005,0
account_847,472.95434864214855,7.043344284653149,0.014892228615456405,0
account_848,118.15383110646164,133.99863409863624,1.1341031674029916,0
account_849,341.0251144792463,24.23822088099738,0.07107459202237856,0
account_850,1070.437932125117,73.08344579069632,0.06827434230175808,0
account_851,127.32671578268976,5.10627962417038,0.040103756645112384,0
account_852,417.62933611690545,76.27479467257419,0.18263754022112771,0
account_853,214.19368405973395,118.37236830249842,0.5526417308807619,0
account_854,292.2967895102673,31.166649915727636,0.10662672678665487,0
account_855,262.27158134188244,122.6363351345916,0.4675929222187813,0
account_856,175.80474714508384,4.311678030041138,0.024525378865241348,0
account_857,316.99025633281826,18.44524869721133,0.058188692960470904,0
account_858,1561.1713890349804,291.4608003443922,0.1866936598963393,0
account_859,790.0583673122925,121.90649073820201,0.1543006134507719,0
account_860,313.91814114127305,189.4458030914269,0.6034879105829387,0
account_861,200.50592672656612,67.97325465009146,0.3390087054273858,0
account_862,106.49778773744485,231.1703845401038,2.1706590291811647,0
account_863,396.1411521713397,10.480092357050804,0.026455449779976242,0
account_864,77.05785474600385,8.196703947457973,0.10637077783278213,0
account_865,218.14983158632677,88.87005412139428,0.4073808055461478,0
account_866,9.457676181606868,88.42267976837368,9.349302944029386,1
account_867,330.613304316034,116.29487852247962,0.3517549868813298,0
account_868,66.32913799999307,372.43351556221006,5.614930734698361,0
account_869,231.2298515828974,104.94334049244219,0.45384858301835357,0
account_870,25.93143973798475,203.82352059653422,7.860092715869168,1
account_871,53.209434271677395,17.733212331388913,0.3332719577668587,0
account_872,452.83039645499736,28.75510432190056,0.06350082624093073,0
account_873,18.597547489775476,219.91703364144263,11.825055629638703,1
account_874,194.9602802313924,24.438541562489988,0.12535138713118707,0
account_875,1318.113162054032,19.323923332935973,0.014660291611702946,0
account_876,231.46866574392502,59.183454566872754,0.25568667956270036,0
account_877,666.4652169021033,66.40848202578184,0.09964283257641718,0
account_878,162.67731100730083,20.06588202367116,0.12334776066448885,0
account_879,19.782701974224867,93.68948948022619,4.735929884719257,1
account_880,210.6434774983292,53.74687557404199,0.2551556602291106,0
account_881,197.3177409945053,10.604961661401749,0.05374560649210486,0
account_882,427.79665094310724,109.59689896696901,0.2561892402040901,0
account_883,254.97731543321945,21.498595021834387,0.08431571642091838,0
account_884,38.51064113850593,227.0568632762163,5.895951263433711,0
account_885,124.23100055611361,32.79506543623965,0.2639845552996776,0
account_886,402.1561148758106,7.8116097388631855,0.019424321674868676,0
account_887,407.75764315168885,41.50013647312861,0.10177647720435312,0
account_888,327.52783756502237,29.574270297000577,0.09029544028033756,0
account_889,75.11686793998514,76.87555644024447,1.0234126974205637,0
account_890,143.80775878494697,92.63536883615896,0.6441611330212563,0
account_891,2518.105268978832,93.58884404633397,0.03716637473392329,0
account_892,123.13322167029436,29.71885688661107,0.2413553099925159,0
account_893,197.06913579139555,245.12535914335803,1.2438546409562157,0
account_894,200.6440943272653,48.37529391839626,0.24110001383590485,0
account_895,414.00810869393473,95.2355441279677,0.23003304072571396,0
account_896,651.6761137812455,3.911913412253491,0.00600284916007623,0
account_897,292.42687325241,50.79135926196764,0.17368909600222265,0
account_898,431.81441378952746,1.284760468362241,0.0029752607308482565,0
account_899,246.05312403483083,42.00203024352991,0.1707030967734601,0
account_900,241.28545564192513,68.58196352817866,0.284235795919487,0
account_901,444.3683736989732,54.62741105691282,0.12293271594057875,0
account_902,363.7874468161424,164.7544511832584,0.45288657600800897,0
account_903,8.594819077765408,132.15012078695298,15.375555854203167,1
account_904,750.5459052743621,8.157695326880186,0.010869015831747346,0
account_905,29.4886042827911,97.8673121650283,3.318818050067615,1
account_906,315.7239180176944,178.9124513099422,0.5666737332833784,0
account_907,80.73961132166815,81.37755710278992,1.007901273868909,0
account_908,225.6909539681565,39.59239207269732,0.17542746564084066,0
account_909,1002.9765723256479,181.3562432872746,0.1808180253570186,0
account_910,38.3319102711972,11.975038241641473,0.31240389943831154,0
account_911,657.0721927823714,33.58145321856739,0.05110770717045073,0
account_912,594.4175681563084,5.803370087179582,0.009763120065881908,0
account_913,287.2642812505106,82.17733079230123,0.2860687393314938,0
account_914,189.9670178423356,94.8515271575828,0.4993052385351728,0
account_915,319.5268055497361,102.29946304174327,0.32015925194676603,0
account_916,62.283305199073524,12.70060684101033,0.20391671251896334,0
account_917,283.1432424438475,183.5352490411513,0.6482063546953614,0
account_918,597.9727043653533,43.228500354747034,0.07229176188004562,0
account_919,212.62792886328438,21.303628278197465,0.10019205093181942,0
account_920,14.407524879526918,955.9510200782091,66.35081515192209,1
account_921,47.45054264256164,151.2001276159639,3.186478366642369,0
account_922,676.000276525756,121.71818848236033,0.18005641818361415,0
account_923,221.92289424179774,108.46201550855181,0.4887373872763944,0
account_924,393.4832842023028,59.71080047336873,0.15174926831877672,0
account_925,288.8098492604477,75.20147749081377,0.2603840474394533,0
account_926,515.4471944353486,109.00241444019781,0.21147154474204777,0
account_927,20.127537096132205,188.75153591711756,9.377776079388713,1
account_928,951.3025666460751,5.673606955938906,0.005964040416648775,0
account_929,44.025604905939055,45.755286383081106,1.0392880797626183,0
account_930,88.50477960085263,137.1657258356797,1.5498115068393241,0
account_931,3.7696466144466876,223.87991672629306,59.3901603052928,1
account_932,936.8877315614767,122.24649073120753,0.13048147244650515,0
account_933,213.0250157082872,0.12852511082760287,0.0006033334179099554,0
account_934,309.1375327457422,112.43298252853063,0.3636989062114432,0
account_935,508.8257409477171,73.78565029000956,0.1450116304111886,0
account_936,4.198199998710963,416.51407181692207,99.21253678834042,1
account_937,851.8087068726779,12.50613638040742,0.014681860233998225,0
account_938,115.7646414374681,1.1849808769170842,0.010236120996903604,0
account_939,150.44879109785785,110.26789036875222,0.7329263968430934,0
account_940,346.8363666283728,234.3771596174504,0.675757164382304,0
account_941,434.94287900213936,20.813621286178844,0.04785368904976708,0
account_942,179.70533411095738,23.72529455608322,0.13202331846996962,0
account_943,101.91909098856456,232.1932124036366,2.278211178607244,0
account_944,132.7137515675854,59.49463482037872,0.4482929170311387,0
account_945,527.9391638368359,354.80715158700065,0.6720606764772178,0
account_946,750.3354067377493,83.43952959304305,0.11120297515455792,0
account_947,458.21575428745064,72.0383745362475,0.15721496666623985,0
account_948,834.6195923457249,58.05948155402273,0.06956400507067503,0
account_949,536.9755119302042,67.0612848314547,0.12488704483077301,0
account_950,173.77492203780065,411.03093076305754,2.3653063741478615,0
account_951,46.365571659049834,39.54483028526002,0.8528921108975799,0
account_952,51.16351164651415,2.4174043172858024,0.04724860040857856,0
account_953,177.6428075856912,57.678490131466084,0.3246880125087146,0
account_954,95.69473802733977,116.84234279959816,1.2209902572304088,0
account_955,111.51776189441375,38.50588781049893,0.34528928088564703,0
account_956,57.36431253562435,15.952695024818638,0.2780944165401042,0
account_957,26.095040234449996,329.19560594142376,12.615255733801408,1
account_958,489.87345468663153,110.6802004034411,0.22593630935614264,0
account_959,405.21984948626874,3.911673553863447,0.009653213086236038,0
account_960,579.1524180816017,69.38641582958456,0.11980683091926264,0
account_961,148.6018075411865,102.94651695317695,0.6927675958762768,0
account_962,777.4074859397068,41.90582006971966,0.05390457492066102,0
account_963,330.7843557301189,214.41848042284414,0.6482122769971153,0
account_964,296.1008661156646,86.24587311524272,0.2912719379941053,0
account_965,1250.4149598908207,7.640961575208148,0.006110740690334762,0
account_966,42.6009166789725,200.9515985456912,4.717072171474644,1
account_967,270.3883192641139,9.83379567665557,0.03636915863606508,0
account_968,531.9677501299541,37.35353152364357,0.07021766171824984,0
account_969,694.0008067888621,7.510859633258702,0.010822551731620327,0
account_970,138.26046292408984,89.89046194394787,0.6501530520211052,0
account_971,443.7582495629767,53.516922689843646,0.12059927391219959,0
account_972,183.87065863650506,32.470354305031705,0.1765934518634783,0
account_973,537.1530066216114,103.48490043353155,0.19265441905350775,0
account_974,48.399776497756704,3.1549364412740686,0.06518493822838826,0
account_975,554.0020658136989,77.08475462878866,0.13914163752362416,0
account_976,42.40925900199445,45.68932691044495,1.0773432025373573,0
account_977,246.40521961030498,7.512922458664466,0.030490110844836445,0
account_978,122.21494471607836,255.5000097189736,2.0905791048102524,0
account_979,1575.8744181796285,80.7567240150137,0.051245659605477854,0
account_980,31.957621200320506,137.92742843437588,4.315947910196538,0
account_981,84.93177744338948,10.106514479934617,0.11899567846288187,0
account_982,1020.3352551988959,78.17304691346432,0.07661506011396803,0
account_983,85.52861350431624,0.07898229212405355,0.0009234604524492575,0
account_984,63.451852049916695,100.47116984193948,1.5834237551159296,0
account_985,115.41633230980217,109.44395155187756,0.9482535908185554,0
account_986,14.885844027528472,85.80899914631611,5.7644698538846075,1
account_987,160.82895215107564,62.24855852693554,0.38704821298880304,0
account_988,98.57071990658683,135.33928746642414,1.3730171352576304,0
account_989,426.32071073418643,17.2311485981935,0.04041827704902947,0
account_990,80.0712687298263,55.40054239732568,0.6918904030889815,0
account_991,533.6329809966353,30.385888708770842,0.05694154932482037,0
account_992,841.74566526462,21.870506003449513,0.025982320914683974,0
account_993,63.50909270845035,49.681933735593056,0.7822806407212697,0
account_994,423.14688948963106,98.00313565001146,0.23160547338116014,0
account_995,203.32218401758752,10.863937937254956,0.05343213279823523,0
account_996,285.84863973956965,123.36269488324905,0.43156649265724006,0
account_997,173.15689833390167,40.67889899433012,0.23492508462405143,0
account_998,7.25656587666851,375.21976101859843,51.70762140050492,1
account_999,296.5464346580069,60.78904499642351,0.2049899708506989,0
